,X,JobID,AttritionStatus,DistanceFromHome,JobLevel,WorkLifeBalance,PercentSalaryHike,HourlyRate,YearsWithCurrManager,JobSatisfaction,EnvironmentSatisfaction,YearsSinceLastPromotion,EducationLevel,YearsAtCompany,Gender,Travel_For_Business,MaritalStatus,MonthlyIncome,Age,TotalWorkingYears,LastYearTrainingTime,RelationshipSatisfaction,YearsInCurrentRole,JobInvolvement,StockOptionLevel,NumCompaniesWorked
1,1,1001,0,1,2,3,15,78,2,0,2,2,4,2,0,1,2,5033,44,10,5,4,0,4,1,2
2,2,1002,0,5,2,3,19,51,2,2,1,0,3,5,0,1,2,8346,31,6,3,3,2,3,1,1
3,3,1003,0,3,3,3,15,39,7,3,3,7,2,7,1,1,1,11159,32,10,6,4,7,3,0,3
4,4,1004,0,16,3,2,15,84,3,3,3,3,3,4,1,1,1,7945,40,18,2,4,2,3,0,6
5,5,1005,0,1,2,2,12,45,2,2,2,1,2,4,0,1,1,4617,24,4,2,2,3,2,0,1
7,7,1007,0,18,5,3,17,58,9,2,4,0,4,31,0,1,0,19502,49,31,5,3,9,2,1,1
8,8,1008,1,8,1,3,17,79,0,0,3,0,1,1,1,1,2,2398,22,1,6,3,0,3,0,1
9,9,1009,1,25,1,2,19,96,8,1,4,7,4,10,1,2,0,2022,35,10,3,1,2,3,1,1
10,10,1010,1,1,1,4,11,54,2,1,4,2,3,3,1,2,1,2302,31,3,2,1,2,3,0,1
11,11,1011,0,9,2,3,14,44,7,3,4,0,3,7,0,1,1,4105,27,7,5,1,7,3,0,1
12,12,1012,0,7,3,3,14,68,2,0,1,2,4,3,1,2,2,9637,31,9,3,4,2,3,2,2
13,13,1013,0,6,1,3,20,69,2,2,1,2,1,2,0,1,2,2773,22,3,3,4,2,3,0,0
14,14,1014,0,2,1,3,13,96,2,2,4,2,3,2,1,1,2,2543,36,6,3,2,2,3,1,4
15,15,1015,0,15,3,3,11,94,7,0,3,1,2,7,0,1,0,7140,30,12,2,1,7,2,1,2
16,16,1016,0,11,4,3,20,87,12,3,2,1,4,14,1,2,0,16032,54,26,2,1,9,3,1,3
18,18,1018,0,2,2,2,13,36,2,1,3,1,1,3,0,1,2,4078,32,4,3,1,2,3,3,0
19,19,1019,0,26,1,2,17,31,3,2,1,4,1,5,0,1,0,2911,31,5,1,4,2,3,1,1
20,20,1020,0,2,2,3,20,92,7,3,1,7,4,7,0,2,2,5675,43,7,5,3,7,3,1,1
21,21,1021,1,11,2,1,15,61,0,1,1,0,2,1,1,1,2,4777,37,15,2,1,0,1,0,5
22,22,1022,0,2,3,3,19,96,7,3,3,6,3,8,1,1,2,7879,44,9,2,2,7,4,1,1
23,23,1023,0,1,3,3,25,92,7,0,2,15,2,24,1,1,0,10453,46,24,2,3,13,3,3,1
24,24,1024,0,5,1,4,14,82,0,0,2,0,4,1,1,1,2,3419,36,6,3,4,1,2,1,9
25,25,1025,0,5,2,2,16,61,4,3,4,0,2,6,0,1,0,6347,37,8,2,3,2,3,2,7
26,26,1026,0,1,2,2,13,33,2,3,4,2,3,5,1,2,2,5562,43,12,2,2,2,3,1,4
27,27,1027,0,19,3,3,13,32,9,1,1,0,2,10,0,0,1,7642,37,10,2,4,0,3,0,1
28,28,1028,0,9,1,3,18,77,2,2,3,2,3,2,1,1,0,2377,28,6,2,2,2,3,1,5
29,29,1029,0,1,1,2,11,81,2,3,1,0,3,3,0,1,2,3229,25,7,2,2,2,3,1,4
30,30,1030,0,1,1,4,12,63,2,2,4,1,2,3,0,1,1,3375,22,4,2,4,2,3,0,0
31,31,1031,0,1,2,3,11,85,9,2,2,6,3,11,0,1,2,4717,35,15,2,3,9,3,0,9
32,32,1032,0,22,2,3,15,86,11,3,3,6,4,15,0,2,2,5747,34,16,3,2,10,2,0,1
34,34,1034,0,8,2,1,13,46,2,0,1,2,4,2,0,1,2,6392,33,8,6,4,2,3,1,2
35,35,1035,0,7,2,3,11,55,9,3,3,0,4,10,1,1,2,5204,35,10,2,4,8,3,0,1
36,36,1036,0,1,3,3,21,77,7,0,3,7,3,7,1,1,0,10252,36,17,2,3,7,1,1,2
37,37,1037,0,28,2,2,17,46,8,2,2,6,3,10,0,1,2,3407,35,10,3,4,9,4,2,1
38,38,1038,1,16,3,2,20,74,0,0,1,0,3,0,1,1,1,8564,33,11,2,3,0,3,0,2
39,39,1039,1,24,4,2,16,100,0,1,2,0,3,1,1,0,1,13194,40,22,2,4,0,4,0,4
40,40,1040,0,4,3,4,14,56,17,3,4,15,4,21,1,1,1,10231,43,23,3,4,7,2,0,3
41,41,1041,0,2,2,2,11,60,4,3,4,1,4,6,0,1,0,7379,46,12,3,3,3,3,1,2
42,42,1042,0,8,2,3,23,74,7,0,4,1,4,16,1,1,0,4615,46,19,2,1,13,2,3,8
44,44,1044,0,20,2,2,13,45,0,2,4,0,2,9,1,0,2,6932,31,9,2,4,8,3,1,1
46,46,1046,1,9,2,2,13,85,3,2,1,1,3,4,1,1,1,5346,43,7,2,2,3,1,0,8
47,47,1047,1,24,1,1,18,66,0,3,3,0,3,1,0,1,1,2340,26,1,3,2,0,1,0,1
48,48,1048,0,1,2,3,13,43,2,3,4,0,2,4,1,1,2,6062,42,8,4,4,3,2,1,9
49,49,1049,0,12,1,2,22,57,4,1,2,0,3,5,0,1,0,2766,42,7,6,2,3,3,3,8
50,50,1050,0,2,2,3,19,78,0,1,1,0,3,0,0,1,2,6644,29,10,2,2,0,2,2,2
51,51,1051,0,1,1,3,19,68,2,0,4,1,3,3,0,1,1,2450,35,3,3,2,0,2,0,1
52,52,1052,0,5,1,1,14,84,3,2,3,1,2,6,0,0,1,3500,37,7,2,1,5,4,0,0
53,53,1053,1,7,1,1,14,73,3,0,1,0,3,4,0,1,1,2166,40,10,3,2,2,3,0,3
54,54,1054,1,7,1,3,21,99,2,3,3,0,3,3,0,1,0,2275,23,3,2,2,2,3,1,1
55,55,1055,0,1,3,2,17,48,7,3,3,3,3,18,0,1,0,9613,39,19,5,1,10,4,3,0
56,56,1056,0,8,2,3,12,52,9,2,3,2,4,14,1,0,2,4148,35,15,5,4,11,3,1,1
57,57,1057,0,8,1,1,13,54,4,0,3,0,4,5,1,1,2,2950,52,12,2,3,4,3,0,9
58,58,1058,1,3,2,4,19,34,2,2,2,0,1,3,1,1,2,4171,22,4,3,1,2,3,1,0
59,59,1059,1,2,5,3,15,57,9,3,1,6,1,32,1,1,2,19845,52,33,3,4,14,1,1,1
60,60,1060,0,24,4,3,18,95,5,2,4,1,3,12,0,1,2,13973,50,22,2,4,11,3,1,3
61,61,1061,0,2,5,4,18,79,12,2,1,15,4,33,0,0,1,19068,52,33,2,4,7,2,0,1
63,63,1063,0,3,2,2,21,33,2,2,1,0,2,3,1,1,2,4999,24,4,2,1,2,3,1,0
64,64,1064,0,23,1,3,24,81,7,2,3,0,2,10,0,1,2,2700,29,10,3,3,7,4,1,1
65,65,1065,0,1,3,3,12,66,7,1,1,7,4,10,0,1,0,7441,45,10,4,1,8,3,3,1
66,66,1066,0,1,1,3,12,98,2,0,4,3,2,4,0,1,2,2218,31,4,3,3,2,2,1,1
67,67,1067,0,23,1,3,16,54,2,3,4,1,3,3,0,1,1,2201,29,6,4,4,2,3,0,9
68,68,1068,1,13,1,3,15,56,0,0,1,2,3,2,0,1,0,2335,29,4,3,4,2,2,3,4
70,70,1070,0,4,1,3,19,76,0,2,2,0,3,1,1,1,1,2318,27,1,2,3,1,3,0,1
71,71,1071,0,1,1,3,17,87,0,1,3,1,4,1,0,1,1,2501,31,1,4,2,1,3,0,1
72,72,1072,0,29,2,3,12,45,0,2,1,0,2,0,0,1,0,4306,26,8,5,1,0,3,2,5
73,73,1073,0,13,1,3,11,40,6,2,2,0,1,7,0,1,2,2096,25,7,1,3,4,3,0,1
74,74,1074,0,4,5,2,14,96,6,1,1,1,1,10,0,1,0,19144,50,28,4,1,4,3,2,3
75,75,1075,1,9,1,2,19,33,0,0,4,1,3,1,0,2,2,1790,23,1,3,1,0,3,1,1
76,76,1076,0,9,2,2,15,70,3,1,3,0,3,5,0,0,1,6782,39,9,2,3,4,3,0,9
77,77,1077,0,25,2,4,12,85,2,2,4,2,2,2,1,0,2,4736,30,4,2,2,2,3,1,7
79,79,1079,0,4,4,1,13,30,4,3,4,1,2,5,1,1,2,16555,52,31,2,4,2,3,0,2
80,80,1080,0,29,1,2,13,83,3,3,3,0,3,6,0,1,1,3452,45,9,2,2,5,3,0,5
81,81,1081,0,20,1,2,13,49,3,1,4,1,3,5,0,1,1,3420,44,6,3,3,2,3,0,1
82,82,1082,0,17,3,2,13,51,9,0,2,0,3,10,0,1,1,7988,29,10,3,1,9,2,0,1
83,83,1083,0,29,2,3,25,32,17,3,4,13,4,20,0,1,1,4541,44,20,3,2,11,3,0,1
84,84,1084,0,2,3,3,11,41,0,2,3,7,4,9,1,1,2,10686,54,13,4,2,4,2,1,6
85,85,1085,0,4,2,3,19,99,0,2,2,0,1,0,0,2,1,2976,47,5,3,1,0,3,0,3
86,86,1086,0,5,1,3,11,58,2,0,3,1,1,2,0,1,1,2380,21,2,6,4,2,3,0,1
87,87,1087,0,7,1,3,14,57,2,1,4,1,1,3,0,1,1,2983,30,4,3,1,2,3,0,0
88,88,1088,0,12,3,3,11,77,1,3,3,2,3,2,1,2,1,9208,50,16,3,4,2,3,0,4
89,89,1089,0,7,3,4,21,59,6,2,3,1,3,8,0,1,1,10221,35,17,3,2,5,3,0,3
90,90,1090,0,28,2,4,20,66,4,1,1,1,2,5,0,1,2,6272,26,6,5,4,3,3,2,1
91,91,1091,0,1,1,2,18,40,1,1,4,2,3,2,1,1,1,2096,25,2,3,4,2,3,0,1
92,92,1092,1,19,1,3,18,36,0,1,3,0,2,1,0,1,2,2413,25,1,2,3,0,2,3,1
94,94,1094,0,2,5,3,17,46,2,3,3,2,4,2,0,1,0,19328,46,24,3,3,1,3,1,7
95,95,1095,1,8,1,3,11,93,2,2,4,1,1,5,0,1,1,3989,23,5,2,1,4,2,0,1
96,96,1096,0,7,1,3,11,64,1,3,4,2,1,2,0,1,2,2889,25,2,2,3,2,2,2,1
97,97,1097,0,6,1,3,14,66,2,2,3,2,1,3,0,1,2,3506,35,4,3,4,2,3,0,0
98,98,1098,1,7,2,3,24,66,6,2,1,0,3,9,0,2,1,6074,34,9,3,4,7,1,0,1
100,100,1100,0,29,3,1,21,91,0,2,1,0,1,0,1,1,2,12504,48,15,3,2,0,3,1,3
101,101,1101,0,9,1,3,17,30,2,3,2,2,5,3,0,1,1,3983,29,4,2,3,2,2,0,0
102,102,1102,0,1,3,4,14,92,8,2,3,0,3,10,1,2,1,8789,35,10,3,1,7,3,0,1
104,104,1104,0,18,2,3,11,32,7,2,1,1,2,8,0,1,1,4534,39,9,6,1,7,3,0,0
105,105,1105,0,5,2,4,13,61,2,3,2,1,1,5,0,2,2,9998,33,8,2,1,4,3,0,6
106,106,1106,0,26,4,4,14,77,8,1,3,4,3,20,1,2,2,13525,42,23,2,4,4,3,1,5
107,107,1107,1,10,1,2,13,36,0,0,3,1,3,1,1,1,1,1416,21,1,6,1,0,2,0,1
108,108,1108,0,15,3,3,14,92,9,3,3,2,2,11,0,1,0,11510,38,12,3,2,10,2,1,0
109,109,1109,0,1,2,2,17,45,1,3,2,2,4,2,0,1,2,5484,34,9,3,2,2,3,1,9
110,110,1110,0,29,2,3,11,50,9,3,4,9,5,10,1,2,1,2406,38,10,2,4,3,3,0,1
111,111,1111,0,1,1,2,14,83,2,0,3,0,2,3,1,1,2,3920,37,17,2,1,1,2,1,2
112,112,1112,0,26,4,4,12,92,12,3,3,4,2,25,0,2,2,16959,43,25,3,4,12,3,2,1
113,113,1113,0,22,1,3,12,94,2,1,1,1,3,4,0,1,0,3537,55,8,1,4,2,2,1,5
114,114,1114,0,2,1,2,13,79,6,3,4,3,2,7,0,2,1,3068,32,8,2,3,7,3,0,0
115,115,1115,0,5,3,3,12,41,4,3,2,7,3,10,1,1,2,9419,30,12,2,3,9,3,1,2
116,116,1116,0,2,1,3,13,99,4,2,2,1,3,5,0,1,2,3600,33,5,2,4,4,3,1,1
117,117,1117,0,9,1,1,18,57,2,1,4,2,3,2,0,0,0,2024,27,6,1,4,2,3,1,6
118,118,1118,0,23,2,3,20,72,7,2,2,8,4,9,0,0,1,4568,34,10,2,3,5,3,0,0
119,119,1119,0,28,2,4,11,88,4,3,4,0,4,6,1,2,2,4523,42,7,4,4,5,2,3,0
120,120,1120,0,19,2,4,13,46,10,1,3,5,3,11,1,2,0,4444,34,15,2,3,8,3,2,4
121,121,1121,0,4,1,3,13,91,0,0,4,0,3,1,1,1,0,2109,29,1,2,3,0,2,1,1
122,122,1122,0,28,3,4,19,80,11,0,3,13,3,18,1,2,2,10266,60,22,5,4,13,2,0,4
123,123,1123,0,1,1,3,21,63,7,1,4,5,3,11,0,1,2,3579,30,12,2,1,9,3,1,0
124,124,1124,0,7,3,2,14,39,10,3,3,4,4,11,1,1,1,7143,31,11,2,3,9,3,0,1
126,126,1126,0,5,3,3,13,37,4,1,3,0,3,6,1,1,0,10552,58,24,3,4,0,2,1,2
127,127,1127,0,2,1,3,18,75,2,2,3,1,4,4,1,2,2,2231,34,6,3,4,3,3,1,6
128,128,1128,0,19,1,3,21,73,0,1,2,0,2,1,0,1,2,3022,37,8,1,1,0,3,0,4
129,129,1129,0,1,1,3,14,91,2,3,4,0,4,5,1,1,0,2270,45,8,2,4,3,3,2,3
130,130,1130,1,18,1,2,19,65,0,3,4,0,1,1,1,1,1,2693,21,1,3,1,0,3,0,1
131,131,1131,0,10,5,3,12,91,9,1,4,12,3,22,0,1,2,19665,48,29,3,4,10,2,0,4
132,132,1132,0,15,2,3,18,34,2,3,3,1,4,5,1,0,0,6667,32,9,6,2,1,3,1,5
133,133,1133,0,2,4,3,13,69,3,3,3,4,3,5,1,1,1,13726,59,30,4,1,3,2,0,3
134,134,1134,0,14,1,2,12,95,17,0,4,12,3,18,1,1,0,3034,37,18,2,3,7,3,1,1
135,135,1135,0,11,3,3,14,92,8,3,2,2,2,9,1,2,2,9738,36,10,6,3,7,3,1,0
136,136,1136,1,2,1,4,12,52,0,3,1,0,2,1,0,1,1,2564,19,1,3,3,0,2,0,1
137,137,1137,0,4,3,2,11,67,11,3,3,2,4,12,0,1,2,10855,40,15,2,1,11,2,1,7
139,139,1139,0,10,3,2,14,32,7,3,2,9,4,10,0,0,1,9980,36,10,3,4,3,3,0,1
140,140,1140,0,26,4,2,14,66,17,2,1,4,4,20,1,1,2,16307,51,29,2,3,6,3,1,2
141,141,1141,0,29,1,3,12,69,7,2,4,7,4,8,1,0,1,4025,32,10,2,2,7,3,0,9
142,142,1142,0,3,1,3,22,39,0,3,1,0,2,1,1,1,0,2835,36,7,2,1,0,3,1,5
143,143,1143,0,2,1,2,19,57,2,2,4,0,1,2,0,1,0,3977,25,7,2,3,2,3,1,6
144,144,1144,0,12,3,2,11,51,8,3,4,7,5,14,1,1,1,8858,36,15,2,2,8,2,0,0
145,145,1145,0,8,3,1,16,81,7,1,2,4,4,10,0,1,2,12490,51,16,5,4,9,2,2,5
146,146,1146,0,11,2,3,11,54,2,3,4,0,2,5,0,2,0,4968,35,5,3,4,2,3,1,1
147,147,1147,0,9,2,1,14,63,2,3,4,0,5,3,0,0,2,4876,40,5,5,4,2,2,1,9
148,148,1148,0,11,1,3,11,43,2,2,4,2,4,2,0,1,2,2660,35,5,3,3,2,3,1,7
149,149,1149,0,10,2,3,18,72,4,2,3,1,3,10,0,1,2,6578,30,10,3,1,3,2,1,1
150,150,1150,0,9,2,3,11,66,10,0,3,6,3,12,0,0,0,3072,30,12,4,3,9,3,2,1
151,151,1151,1,20,1,3,11,69,4,1,4,1,2,5,1,1,2,2148,26,6,3,3,1,3,0,0
152,152,1152,0,8,3,3,11,55,8,1,4,4,1,9,0,0,0,13757,40,16,5,3,8,2,1,2
153,153,1153,0,15,2,3,13,95,1,3,2,8,2,9,1,1,2,4878,33,10,6,1,7,3,1,0
154,154,1154,0,25,2,2,12,82,1,2,2,0,3,10,1,2,2,4539,33,10,3,1,7,3,1,1
155,155,1155,0,1,5,3,12,59,10,2,4,2,3,22,0,1,2,19189,41,22,3,2,7,2,1,1
156,156,1156,0,1,3,3,12,98,12,3,1,8,2,15,1,2,1,13458,33,15,1,3,14,3,0,1
157,157,1157,0,4,2,2,12,63,7,1,3,2,2,11,1,1,0,5209,30,11,4,2,8,2,3,1
158,158,1158,0,7,3,4,11,49,7,2,3,3,3,13,0,1,2,11691,33,14,3,4,9,3,0,0
160,160,1160,0,22,3,3,11,69,8,0,3,7,4,9,1,0,2,8412,30,10,3,3,8,3,0,0
161,161,1161,0,2,4,3,19,88,4,1,4,0,4,22,0,1,1,16015,41,22,2,2,10,3,0,1
163,163,1163,0,2,2,3,11,53,12,1,3,5,4,16,1,1,1,5410,36,18,2,4,14,3,0,9
165,165,1165,0,3,2,3,18,98,3,0,3,0,1,5,0,1,2,4194,25,5,3,4,3,3,0,1
167,167,1167,1,9,1,4,22,41,4,0,1,0,3,5,1,1,1,4200,32,10,2,1,4,3,0,7
168,168,1168,0,4,1,3,11,56,2,1,3,1,2,4,1,1,2,3931,32,6,5,1,3,3,1,2
169,169,1169,0,24,2,3,13,52,7,3,1,1,1,7,0,1,1,4108,39,18,2,1,7,3,0,7
170,170,1170,0,3,2,2,13,95,3,3,3,1,3,5,1,1,2,5231,42,17,1,2,3,4,1,2
172,172,1172,1,14,3,3,12,84,7,3,3,7,1,8,1,2,1,7553,29,9,1,1,7,3,0,0
173,173,1173,0,2,2,3,20,43,2,3,3,0,3,5,1,1,1,6091,30,11,2,3,4,1,0,2
174,174,1174,0,2,2,3,12,62,0,1,2,0,4,0,0,2,2,4327,40,5,2,4,0,3,3,5
175,175,1175,0,6,2,4,14,98,1,3,3,0,4,5,0,1,2,6502,37,7,5,2,4,3,1,4
176,176,1176,0,25,3,3,21,71,5,2,3,0,2,6,0,0,2,10920,39,13,2,2,4,3,1,3
177,177,1177,0,1,3,3,14,64,6,2,4,8,3,10,0,1,2,7083,34,10,3,4,9,2,0,1
178,178,1178,1,14,1,1,13,58,4,3,3,0,3,5,0,1,2,2436,33,8,2,3,4,3,1,5
179,179,1179,0,10,2,3,13,85,3,3,3,1,3,5,1,0,1,5666,38,6,1,2,3,3,0,1
181,181,1181,0,7,3,2,11,49,2,3,4,0,3,6,0,1,1,7260,56,37,3,1,4,1,0,4
183,183,1183,1,2,1,2,22,47,0,3,2,1,3,1,0,1,1,1102,19,1,3,3,0,2,0,1
184,184,1184,0,10,2,3,13,46,2,3,3,1,3,5,0,1,1,4684,26,5,4,1,3,3,0,1
185,185,1185,0,2,2,2,18,44,9,3,2,0,2,10,0,2,1,4554,29,10,3,1,7,3,0,1
186,186,1186,1,6,1,3,11,83,3,0,2,1,1,4,0,1,1,2960,34,8,2,3,2,3,0,2
187,187,1187,0,1,1,2,11,84,2,0,4,1,3,3,0,1,1,2080,28,5,2,2,2,3,0,2
188,188,1188,0,23,2,3,12,37,7,2,4,3,2,20,0,0,1,4332,42,20,2,4,9,2,0,1
189,189,1189,1,1,1,3,13,67,7,1,1,3,2,7,1,1,1,2216,28,10,4,4,7,1,0,7
190,190,1190,1,20,1,2,22,70,2,1,2,0,2,4,1,1,1,3140,41,4,5,4,3,3,0,1
191,191,1191,0,8,1,3,19,90,6,0,4,7,4,10,0,1,2,3143,33,14,1,2,8,4,1,6
192,192,1192,0,9,2,2,20,70,3,2,2,1,1,6,1,1,2,5714,34,6,3,1,5,3,0,1
194,194,1194,0,9,3,3,20,66,15,2,4,5,3,17,1,1,2,10685,35,17,2,2,14,2,1,1
195,195,1195,1,19,1,3,12,57,2,2,3,2,3,2,0,2,0,2759,42,7,2,4,2,4,0,6
196,196,1196,1,22,2,2,15,98,7,2,4,6,4,10,0,1,2,6179,31,10,3,4,2,3,2,1
197,197,1197,0,3,2,3,20,32,2,2,4,2,5,3,1,1,1,4317,38,19,2,2,2,3,0,3
198,198,1198,0,2,2,3,12,32,3,3,4,1,2,8,0,1,2,5472,26,8,2,2,7,4,0,1
199,199,1199,0,3,3,3,14,39,4,2,4,0,3,5,0,1,2,7969,52,28,4,3,4,2,0,2
200,200,1200,0,5,5,3,11,88,10,1,2,3,3,22,0,1,2,18213,44,26,5,3,9,3,1,7
202,202,1202,1,18,1,2,13,86,1,3,3,0,1,4,0,1,1,2389,29,4,3,3,3,2,0,1
203,203,1203,0,8,3,4,11,62,7,2,3,7,2,8,0,1,0,7264,30,10,2,1,4,3,1,5
204,204,1204,1,16,1,3,13,45,2,1,1,0,4,3,0,1,0,2373,26,5,2,4,2,3,1,2
205,205,1205,1,4,2,3,18,56,7,1,1,7,3,8,0,2,1,9355,41,8,5,3,7,3,0,1
206,206,1206,0,18,2,3,16,60,0,3,2,1,3,1,0,1,2,5811,38,15,2,3,0,1,1,3
207,207,1207,0,3,4,3,12,45,8,0,1,2,3,19,1,1,0,13225,46,25,5,4,17,4,1,2
208,208,1208,1,29,3,2,12,88,9,1,1,9,4,10,0,0,2,11849,47,10,2,4,7,3,1,1
209,209,1209,1,2,1,3,11,85,2,0,3,0,1,4,0,1,0,3041,27,5,3,2,3,3,1,0
210,210,1210,0,14,1,3,18,31,6,2,3,0,3,8,1,1,0,2579,34,8,3,4,2,3,2,1
211,211,1211,0,2,1,3,13,62,0,0,3,0,1,0,0,1,0,2322,23,3,3,3,0,3,1,3
212,212,1212,0,4,3,3,13,64,0,3,3,1,3,5,0,1,2,9713,34,9,3,4,3,3,3,2
213,213,1213,1,15,3,3,11,73,5,3,1,0,3,10,1,1,2,7978,44,10,2,4,7,3,1,1
214,214,1214,0,17,1,3,21,94,0,1,4,0,2,1,0,1,2,2127,24,1,2,4,0,2,1,1
215,215,1215,0,23,3,3,21,44,8,2,4,1,3,9,0,2,1,9526,38,10,2,2,7,2,0,0
217,217,1217,0,2,2,2,24,52,0,3,3,0,3,0,1,1,1,6877,30,12,4,2,0,2,0,5
219,219,1219,0,1,2,3,12,95,13,2,4,0,3,18,1,0,2,6347,50,19,3,1,7,3,1,0
220,220,1220,0,1,2,3,11,55,5,3,3,7,3,9,1,0,2,6674,28,10,6,1,8,1,3,0
221,221,1221,0,9,1,3,11,54,2,0,4,0,1,2,0,1,1,2728,20,2,3,1,2,3,0,1
222,222,1222,1,17,1,1,13,97,0,1,4,0,2,1,1,1,2,2210,24,1,3,1,0,3,1,1
224,224,1224,0,3,2,1,15,44,6,1,3,3,3,8,1,1,2,6389,39,12,3,3,3,4,1,9
225,225,1225,0,22,1,3,15,46,3,2,4,4,3,5,0,1,1,4230,35,6,2,3,4,1,0,0
226,226,1226,0,20,1,2,17,89,0,2,3,0,3,1,1,1,2,2585,34,2,5,4,0,4,0,0
227,227,1227,1,7,1,3,11,95,7,2,4,7,2,9,1,2,2,2655,48,19,3,3,7,3,2,2
228,228,1228,0,10,3,2,12,67,0,1,1,0,4,1,0,1,0,9705,40,11,2,2,0,2,1,2
230,230,1230,0,17,2,3,15,41,2,2,4,3,1,4,1,1,0,4377,24,5,6,2,2,2,2,1
231,231,1231,1,9,1,2,13,89,0,3,2,0,3,1,0,1,1,1081,30,1,3,3,0,3,0,1
232,232,1232,0,1,3,3,19,48,7,3,3,5,4,14,1,1,2,10422,32,14,3,3,10,3,2,1
233,233,1233,0,18,1,3,18,81,0,3,3,0,4,1,0,2,2,3688,36,4,2,4,0,4,2,4
234,234,1234,0,1,2,3,15,77,8,3,4,5,3,9,0,0,2,6472,39,9,2,4,8,3,1,1
235,235,1235,1,9,2,3,17,77,3,0,1,0,4,5,1,1,1,8224,33,6,3,1,2,3,0,0
236,236,1236,0,1,1,2,14,59,0,0,1,0,3,1,0,1,1,2858,38,20,3,1,0,2,0,4
237,237,1237,0,9,1,3,25,54,0,0,3,0,2,1,0,1,1,2552,19,1,4,3,1,3,0,1
238,238,1238,0,9,2,2,12,92,5,3,1,0,4,6,1,1,2,6322,32,6,2,4,4,3,1,1
239,239,1239,0,1,1,3,22,88,3,1,2,0,4,4,0,1,2,2387,40,7,3,3,2,3,1,3
241,241,1241,0,9,3,4,25,33,8,1,3,0,1,13,0,1,0,10648,31,13,6,4,8,3,1,1
242,242,1242,0,7,2,3,11,82,0,3,3,1,3,6,0,1,0,6623,29,6,2,2,0,3,2,1
243,243,1243,0,6,1,2,17,52,2,2,2,2,2,2,0,1,2,2267,59,7,2,4,2,3,0,8
244,244,1244,0,3,2,2,12,75,1,3,4,0,1,4,1,1,2,8103,34,9,3,3,2,2,0,3
245,245,1245,0,8,3,2,12,73,7,0,2,1,2,8,1,1,2,11416,30,9,4,3,7,4,3,0
246,246,1246,0,2,1,3,12,76,0,0,3,0,1,1,1,0,0,2827,32,1,3,3,0,3,3,1
247,247,1247,0,5,5,2,11,58,8,2,3,4,3,14,1,1,0,19094,53,26,3,4,13,3,1,4
248,248,1248,0,3,3,3,13,92,8,3,4,0,4,10,0,1,0,7823,35,12,2,2,9,3,1,6
249,249,1249,0,1,2,3,15,35,5,1,3,0,3,9,1,1,2,5228,36,10,2,1,7,3,1,0
250,250,1250,0,20,3,3,20,61,1,3,1,11,4,11,0,1,2,10322,40,14,6,4,10,3,1,4
251,251,1251,0,10,2,2,12,49,1,1,3,0,4,1,0,1,1,4197,37,18,2,4,0,3,0,2
252,252,1252,0,9,2,4,11,81,7,2,3,0,4,8,0,0,0,3975,40,11,2,3,7,3,2,3
253,253,1253,1,5,3,2,19,64,7,1,2,7,3,8,0,1,1,8446,52,10,2,3,7,3,0,9
254,254,1254,0,29,2,3,14,91,7,3,1,5,4,12,1,1,2,5468,31,13,3,1,7,2,2,1
255,255,1255,0,7,1,3,11,77,3,1,1,1,3,4,0,1,1,2013,36,15,4,3,3,3,0,2
256,256,1256,0,7,1,3,25,55,7,2,2,5,2,11,0,1,2,2308,34,12,4,2,10,3,1,0
257,257,1257,0,14,2,3,11,80,7,1,3,7,3,9,0,1,2,9924,38,10,3,4,8,3,1,0
258,258,1258,0,2,1,2,14,49,7,3,3,6,3,11,1,0,1,2564,30,12,2,3,7,3,0,0
259,259,1259,0,25,1,3,23,61,7,2,3,5,1,8,1,1,2,2942,26,8,3,4,7,3,1,1
260,260,1260,0,23,1,2,25,96,9,2,1,0,3,10,0,2,0,2613,30,10,2,3,7,1,3,1
261,261,1261,0,1,4,3,14,36,0,2,3,0,3,8,0,1,1,15379,49,23,2,1,7,3,0,4
262,262,1262,0,8,2,3,14,75,8,3,4,9,4,10,0,1,2,3697,45,12,3,1,9,3,2,9
263,263,1263,0,1,1,2,17,43,0,0,3,0,1,0,1,1,1,2619,38,8,3,4,0,3,0,3
264,264,1264,0,7,3,3,18,78,4,3,1,0,2,5,1,1,2,10934,53,35,3,4,2,2,1,7
265,265,1265,0,22,4,3,13,88,9,3,3,13,5,32,0,2,1,14411,50,32,2,4,6,1,0,1
266,266,1266,0,8,2,3,18,56,7,1,2,0,4,8,1,1,2,6214,27,8,3,1,7,3,1,1
267,267,1267,0,3,2,3,12,30,7,1,3,7,3,8,0,1,1,4485,36,10,2,4,0,3,0,4
268,268,1268,0,5,2,3,19,74,7,0,2,1,3,9,0,0,1,9936,31,10,2,2,4,3,0,0
269,269,1269,0,9,1,3,20,94,4,0,3,0,4,5,0,1,0,2289,41,5,2,2,3,3,2,1
270,270,1270,0,7,1,1,20,100,3,1,2,0,3,5,0,2,2,2794,32,5,3,3,1,4,0,1
271,271,1271,0,3,1,3,11,56,0,2,4,3,4,8,1,2,2,2909,33,8,3,3,7,3,0,1
272,272,1272,0,8,2,3,19,84,1,3,3,1,1,4,0,2,2,4342,27,5,3,2,2,3,1,0
273,273,1273,0,2,1,4,14,69,3,2,2,0,4,5,0,1,2,3477,31,6,2,4,2,3,1,1
274,274,1274,0,7,5,2,14,31,10,3,2,1,3,22,1,1,0,19049,44,23,4,4,7,3,1,0
275,275,1275,0,11,2,2,13,100,0,3,2,0,4,6,1,1,2,6652,36,8,2,1,3,2,1,4
276,276,1276,1,1,1,3,11,36,0,0,2,0,2,1,1,1,2,2319,29,1,1,4,0,2,1,1
278,278,1278,0,29,1,3,13,49,1,1,3,4,4,6,1,1,1,2837,32,6,3,3,2,2,0,1
279,279,1279,0,11,4,4,13,90,1,3,4,1,2,9,1,1,2,17650,45,26,4,2,3,3,1,3
280,280,1280,0,1,1,2,12,59,0,2,2,0,2,1,0,0,0,2008,33,1,2,3,1,2,3,1
281,281,1281,0,8,2,3,11,96,3,2,2,4,2,5,1,1,1,6142,34,10,2,4,1,3,0,3
282,282,1282,0,6,1,2,14,40,7,2,2,7,2,7,1,2,1,2838,51,8,6,2,0,2,0,0
283,283,1283,0,28,2,3,21,95,7,2,4,1,3,8,1,1,2,6712,34,8,2,4,7,2,2,1
284,284,1284,0,4,2,1,13,81,8,2,1,3,3,9,1,2,1,5042,39,10,2,4,2,3,0,0
285,285,1285,0,8,2,2,12,91,3,2,3,1,2,5,1,1,2,5175,32,9,3,3,3,4,1,5
286,286,1286,0,15,1,3,19,60,5,3,3,1,3,6,0,1,1,2340,29,6,1,1,5,3,0,1
287,287,1287,0,1,1,2,19,83,0,3,1,0,4,1,0,1,2,2406,40,8,3,3,0,3,2,8
288,288,1288,0,1,1,2,12,42,8,3,2,8,5,10,0,1,2,2691,34,10,4,4,9,3,1,1
289,289,1289,0,25,2,2,13,93,8,3,2,3,2,9,1,1,2,5906,45,10,2,4,8,2,2,0
291,291,1291,0,1,1,2,11,44,2,2,4,0,4,4,0,2,1,2154,28,5,2,3,2,3,0,0
292,292,1292,0,14,2,3,12,42,7,0,4,1,4,7,0,1,1,4960,47,20,2,4,7,3,0,2
293,293,1293,0,1,4,3,19,95,5,2,1,0,5,6,1,1,0,16184,33,10,2,3,1,4,1,4
294,294,1294,1,9,3,4,11,52,3,3,1,4,3,7,0,1,0,10096,46,28,1,1,7,3,1,4
295,295,1295,1,9,1,1,14,86,0,0,4,1,4,5,0,1,1,2018,40,15,3,2,4,3,0,3
296,296,1296,1,1,2,3,12,94,1,2,2,0,4,6,0,2,0,6728,50,12,3,4,3,3,2,7
297,297,1297,0,1,4,3,11,98,16,0,1,11,4,19,0,1,0,16823,40,22,3,1,7,3,1,2
298,298,1298,0,18,2,1,16,71,4,0,2,0,4,5,0,1,2,5561,35,6,2,4,3,3,1,0
299,299,1299,0,1,3,3,13,80,11,0,4,5,3,15,1,1,2,13582,38,15,3,2,12,3,1,1
300,300,1300,0,3,4,3,12,52,9,2,1,4,1,12,0,1,2,17465,46,23,3,4,9,3,1,3
301,301,1301,1,4,3,3,22,86,7,0,4,4,3,8,0,1,1,9582,35,9,2,1,7,3,0,0
302,302,1302,0,7,3,2,16,43,0,0,3,0,3,1,1,1,2,9985,43,10,1,1,0,3,1,8
303,303,1303,0,2,3,1,12,60,3,2,1,0,4,4,1,1,2,13549,54,16,5,1,3,3,1,9
304,304,1304,0,2,3,1,14,40,9,3,4,13,3,20,0,2,2,10124,42,24,3,3,8,3,1,2
305,305,1305,0,6,3,3,18,75,0,3,4,0,3,1,1,1,1,13591,41,16,3,3,0,3,0,3
306,306,1306,0,4,5,3,13,92,2,0,4,4,4,5,1,1,0,19943,56,28,2,4,2,3,1,4
307,307,1307,0,28,1,3,22,93,7,3,3,1,4,7,1,1,0,2514,29,11,1,1,5,3,1,4
308,308,1308,0,2,3,2,14,82,7,3,4,4,2,9,0,1,0,8578,46,12,4,3,8,3,1,3
309,309,1309,0,3,3,3,12,87,3,3,3,1,3,5,0,1,1,7428,37,12,3,1,3,3,0,2
310,310,1310,1,3,3,3,11,51,7,3,3,3,1,16,0,1,2,10325,36,16,6,1,7,2,1,1
311,311,1311,1,10,2,1,15,58,8,0,4,0,4,10,0,1,1,4213,37,10,4,2,3,3,0,1
312,312,1312,0,10,4,3,14,99,10,0,3,11,1,21,0,1,2,17068,39,21,3,4,9,3,0,1
313,313,1313,0,1,2,3,13,84,2,1,3,1,4,6,1,2,2,5488,33,6,2,1,5,4,1,1
314,314,1314,0,6,2,3,12,78,9,0,4,6,2,10,0,1,0,5577,52,18,3,2,9,3,2,3
315,315,1315,1,26,2,3,14,100,0,0,1,0,4,1,1,2,2,4286,45,5,4,4,1,3,2,2
316,316,1316,1,17,1,2,12,32,3,3,3,0,3,4,0,1,0,2367,28,6,2,1,1,2,1,5
317,317,1317,0,1,4,2,20,60,2,2,1,0,4,3,1,0,2,12965,53,27,2,4,2,2,3,4
318,318,1318,0,7,3,3,24,31,0,2,2,0,3,5,0,1,1,10965,49,26,2,3,2,2,0,8
319,319,1319,0,1,1,3,18,44,2,3,3,2,3,2,1,1,0,3195,44,8,2,1,2,3,3,4
320,320,1320,0,2,1,2,17,99,2,0,3,0,2,4,1,1,2,3377,40,7,5,4,3,3,1,4
321,321,1321,0,4,2,2,12,57,8,1,3,0,2,9,0,0,2,4447,45,9,5,2,7,3,0,1
322,322,1322,0,6,3,3,12,57,8,3,4,12,3,19,1,0,1,8865,45,23,2,4,7,2,0,6
323,323,1323,1,24,1,3,17,45,0,0,3,0,3,1,0,2,1,1091,29,1,3,4,0,4,0,1
324,324,1324,1,3,1,3,11,70,7,0,1,9,3,10,0,2,1,3348,33,10,3,1,8,3,0,1
325,325,1325,0,1,3,2,13,40,5,0,3,9,3,10,0,2,2,10673,46,21,5,3,9,2,1,2
326,326,1326,0,19,2,4,12,34,2,3,4,1,3,3,0,1,0,4262,29,8,2,2,2,3,2,4
327,327,1327,0,19,1,3,18,41,2,3,4,1,4,4,0,0,2,4258,52,5,3,1,3,3,1,0
328,328,1328,0,4,1,2,20,53,2,3,3,2,2,8,0,1,1,2875,26,8,2,2,5,3,0,1
329,329,1329,1,10,3,3,11,61,0,2,1,0,3,1,0,2,0,10048,37,17,5,2,0,3,2,6
330,330,1330,0,8,5,3,14,99,7,1,4,7,4,7,0,1,1,19717,56,36,4,1,3,3,0,6
331,331,1331,0,3,1,2,11,50,0,3,4,0,3,0,0,0,2,1706,27,0,6,3,0,3,3,1
332,332,1332,0,6,2,3,15,95,2,1,4,1,3,5,0,1,1,6032,41,8,3,4,4,2,0,6
333,333,1333,0,3,1,2,12,87,2,2,1,1,3,2,0,1,1,3033,20,2,2,1,2,2,0,1
334,334,1334,0,2,4,4,19,82,6,2,1,5,4,20,1,1,2,17169,47,26,2,2,17,3,2,3
335,335,1335,1,9,1,2,11,89,0,0,2,0,3,0,0,2,1,3172,24,4,2,3,0,3,0,2
336,336,1336,0,18,2,3,14,62,7,1,3,6,4,8,0,2,2,6385,55,17,3,4,7,3,2,3
337,337,1337,1,4,1,3,19,84,0,0,1,0,3,1,0,1,1,2973,20,1,2,2,0,3,0,1
338,338,1338,0,6,4,3,19,41,12,2,3,2,1,15,1,1,2,13966,49,30,3,2,11,2,1,2
339,339,1339,1,29,2,3,22,54,8,2,1,3,4,13,1,2,1,4508,33,14,4,2,7,2,0,1
340,340,1340,0,1,2,1,22,33,2,3,4,2,2,2,0,1,2,4775,22,4,2,1,2,2,2,6
341,341,1341,0,16,1,2,14,49,4,2,3,1,3,5,0,0,1,2144,28,5,3,3,3,3,0,1
342,342,1342,0,7,3,3,19,87,0,1,2,4,4,8,0,1,1,10445,52,18,4,4,6,3,0,7
343,343,1343,0,29,2,1,18,54,7,3,4,1,3,7,0,1,2,6261,38,9,3,1,7,3,1,3
344,344,1344,0,1,4,2,22,66,3,3,4,1,2,5,0,1,0,17399,50,32,1,3,4,3,1,9
345,345,1345,0,2,1,3,14,95,0,2,2,0,3,1,1,1,1,2274,45,1,3,4,0,2,0,1
346,346,1346,0,6,1,3,13,54,8,3,2,0,1,10,1,1,2,3131,29,10,5,1,8,3,1,1
347,347,1347,0,2,4,2,12,39,8,1,4,8,3,9,0,1,1,16598,53,35,2,2,8,4,0,4
348,348,1348,0,5,2,3,14,98,2,3,1,0,4,4,0,1,1,4908,28,4,3,2,2,3,0,1
349,349,1349,0,9,1,3,16,62,4,2,3,0,3,5,0,1,2,4401,24,5,1,4,3,4,1,1
350,350,1350,0,11,2,3,16,89,0,0,4,0,5,0,1,1,2,5380,56,6,3,3,0,2,1,4
351,351,1351,0,4,2,3,13,97,2,1,4,0,2,4,1,2,0,5131,36,18,3,2,2,3,3,7
352,352,1352,0,2,1,3,14,97,2,3,4,1,4,5,0,1,2,2932,34,6,3,1,0,4,3,0
353,353,1353,0,2,2,2,14,89,7,2,1,0,2,8,1,1,1,6500,27,9,5,2,7,4,0,0
354,354,1354,0,2,2,3,12,62,0,0,1,1,3,2,0,1,2,6410,31,9,1,4,2,2,0,3
355,355,1355,0,16,2,3,25,36,2,3,3,1,3,6,1,0,0,5368,33,7,2,3,5,3,1,1
356,356,1356,0,8,1,2,24,62,2,3,1,0,4,3,0,1,2,2818,44,10,2,3,2,4,1,2
357,357,1357,0,7,1,3,20,76,7,3,4,5,3,7,0,0,1,2570,26,7,5,3,7,3,0,1
358,358,1358,0,23,4,3,14,44,0,3,1,0,5,1,1,1,1,15992,42,16,2,2,0,3,0,2
359,359,1359,0,6,1,2,19,46,3,1,3,4,3,5,1,1,2,2368,26,5,3,3,4,2,0,1
360,360,1360,0,13,2,3,13,46,3,1,4,0,2,4,0,1,2,4025,29,10,2,1,3,2,1,4
361,361,1361,0,16,1,2,13,96,0,3,4,0,2,1,0,0,0,2935,22,1,2,2,0,4,2,1
362,362,1362,0,2,1,3,12,36,1,3,1,1,1,4,0,1,1,3904,26,5,2,4,3,2,0,0
363,363,1363,0,5,3,3,12,42,2,0,2,0,4,3,1,1,2,8008,36,9,6,3,2,3,2,4
364,364,1364,0,3,3,2,12,76,13,2,1,5,3,16,0,1,0,10609,38,17,6,3,10,3,2,0
365,365,1365,0,2,2,3,12,75,12,0,1,4,4,15,1,2,1,5980,38,17,2,4,7,4,0,6
366,366,1366,0,7,1,3,12,100,7,0,3,0,3,7,0,1,1,3578,26,8,2,4,7,4,0,0
367,367,1367,0,2,1,3,14,82,2,1,3,1,3,2,1,1,2,2187,25,6,3,3,0,3,0,4
368,368,1368,1,2,1,2,13,49,2,2,3,0,3,2,1,1,1,2044,20,2,3,4,2,2,0,1
369,369,1369,0,1,2,3,12,62,2,2,1,1,3,4,1,1,2,4898,25,5,3,4,2,3,2,0
371,371,1371,0,1,2,3,11,37,2,3,1,0,5,10,0,2,2,5743,44,14,3,3,7,3,0,4
372,372,1372,1,1,1,3,11,99,2,1,1,1,1,3,1,2,1,2174,21,3,3,3,2,2,0,1
373,373,1373,0,22,1,3,11,49,2,2,3,1,1,3,0,1,1,3447,21,3,2,3,2,3,0,1
374,374,1374,0,1,3,4,14,81,0,2,3,0,3,1,1,1,1,7861,38,10,4,4,0,3,0,4
375,375,1375,0,5,1,3,17,97,0,2,2,2,2,2,0,2,2,2093,42,8,4,4,2,3,1,4
376,376,1376,0,3,2,3,20,71,4,3,4,0,1,6,1,2,0,4647,27,6,3,2,5,4,2,1
377,377,1377,0,2,2,4,14,100,0,3,3,0,2,1,0,0,0,5163,37,17,2,4,0,2,1,5
378,378,1378,0,10,2,3,14,88,0,3,4,0,4,1,1,1,0,6694,37,8,5,3,0,2,3,2
380,380,1380,0,7,2,3,11,96,2,0,3,2,3,2,0,1,0,5486,48,15,3,1,2,3,3,4
381,381,1381,1,24,3,2,12,72,9,0,2,1,2,10,0,0,1,8722,28,10,2,1,7,2,0,1
382,382,1382,0,11,2,2,12,80,1,0,3,0,2,6,0,1,2,6833,31,6,2,4,5,3,0,1
383,383,1383,0,9,2,3,13,65,12,2,2,4,4,15,1,0,2,5593,45,15,2,4,10,2,1,1
384,384,1384,0,27,1,2,11,53,1,0,3,1,1,6,1,1,1,2559,35,6,3,4,5,2,0,1
385,385,1385,0,4,3,4,13,81,5,2,3,13,1,22,1,1,0,10447,41,23,3,4,14,3,1,0
386,386,1386,0,6,1,3,14,39,2,2,3,0,3,3,0,2,0,2703,28,3,2,4,1,2,1,1
387,387,1387,0,28,3,3,15,58,1,0,3,0,3,1,0,0,0,10932,40,20,2,3,0,1,1,3
388,388,1388,0,2,1,3,13,33,0,0,4,0,4,1,1,1,0,2341,27,1,6,4,0,3,1,1
389,389,1389,0,28,1,3,20,97,3,3,4,0,3,5,0,1,2,2132,45,8,3,4,4,3,1,4
390,390,1390,1,22,1,2,19,50,0,2,4,0,1,0,0,1,1,1675,19,0,2,4,0,3,0,1
391,391,1391,0,5,1,3,14,84,2,0,4,2,3,3,1,1,0,3204,30,8,3,4,2,3,1,5
392,392,1392,0,8,1,3,15,54,2,1,4,2,4,2,0,1,2,3875,50,4,2,4,2,3,1,7
394,394,1394,0,20,2,3,14,90,7,2,4,0,3,7,1,2,1,9981,27,7,2,4,7,3,0,1
396,396,1396,0,1,2,3,17,57,7,2,3,7,3,8,0,1,2,5296,26,8,3,2,7,3,1,1
397,397,1397,0,7,5,2,12,43,8,2,2,13,2,27,1,1,0,18740,50,29,2,4,3,2,1,5
398,398,1398,0,2,1,3,13,35,2,3,2,1,1,5,0,1,1,2720,30,6,3,4,3,2,0,0
399,399,1399,0,8,2,3,13,39,7,0,3,0,1,7,1,1,2,9715,29,9,3,3,7,1,1,3
400,400,1400,0,10,2,2,12,55,8,3,4,0,3,10,0,1,1,5396,32,10,2,4,7,3,0,1
401,401,1401,0,3,1,1,19,88,2,3,3,0,2,3,0,1,2,3737,34,4,1,3,2,3,1,0
402,402,1402,0,13,4,3,13,94,2,1,3,15,4,19,1,1,0,17123,39,21,4,4,9,2,2,6
403,403,1403,0,5,5,2,11,86,2,0,1,1,2,4,0,1,2,19406,54,24,4,3,2,3,1,4
404,404,1404,0,9,5,3,22,93,1,3,4,0,2,1,0,1,1,19613,42,24,2,4,0,2,0,8
405,405,1405,0,2,2,2,13,45,6,1,4,1,3,9,0,1,0,5470,32,10,4,3,5,3,2,0
406,406,1406,1,2,1,2,17,46,1,2,3,2,4,2,0,1,1,4382,28,5,3,4,2,3,0,6
407,407,1407,0,3,5,3,14,96,7,3,3,0,3,8,0,1,2,19740,43,25,2,2,7,1,1,3
408,408,1408,0,3,1,3,20,71,0,2,3,0,3,1,1,2,0,2083,30,1,2,3,0,3,1,1
409,409,1409,0,1,1,3,12,62,1,3,3,1,4,4,1,1,2,2977,35,4,5,4,3,1,1,1
410,410,1410,1,10,1,3,11,96,2,2,3,0,4,6,0,1,1,2936,44,6,4,3,4,3,0,1
413,413,1413,0,2,4,3,11,98,7,0,1,14,4,31,0,0,0,17924,50,31,3,4,6,3,1,1
414,414,1414,0,5,1,2,12,75,3,3,2,0,4,5,0,2,0,3761,30,10,3,2,4,2,1,9
416,416,1416,0,6,5,3,13,81,14,2,1,6,3,16,1,1,2,19392,43,21,2,4,12,2,0,7
417,417,1417,0,2,1,3,13,97,8,3,2,1,3,9,0,1,1,3539,43,10,5,2,7,3,0,0
418,418,1418,0,2,2,3,14,93,4,3,4,0,4,6,0,1,0,5505,33,6,5,3,2,3,2,1
419,419,1419,0,26,5,3,11,98,0,2,4,1,4,5,1,1,2,19658,47,27,2,3,2,3,1,3
420,420,1420,0,10,4,3,14,31,9,0,3,0,3,20,1,1,2,16799,42,21,5,3,7,3,1,0
421,421,1421,1,16,1,3,16,43,14,0,3,15,4,17,1,1,1,2743,36,18,1,3,13,4,0,1
422,422,1422,0,4,5,3,11,58,15,3,3,11,2,22,0,1,2,19232,42,22,3,4,17,3,0,1
423,423,1423,0,4,2,2,15,90,7,1,4,1,3,9,0,0,0,3055,33,11,2,4,8,3,2,5
424,424,1424,0,2,4,3,16,78,7,3,1,3,4,25,1,1,2,15427,53,31,3,3,8,2,0,2
425,425,1425,0,3,3,3,15,36,8,2,3,7,3,10,0,1,2,9434,37,10,2,3,7,3,1,1
426,426,1426,0,7,2,3,17,34,0,2,2,0,4,1,0,1,2,6132,51,10,2,3,0,2,0,2
427,427,1427,0,2,1,2,11,76,0,1,4,0,2,1,0,1,1,2559,48,7,4,3,0,4,0,5
428,428,1428,0,2,1,2,18,65,2,3,4,1,4,3,1,1,1,3294,47,3,3,1,2,2,0,1
429,429,1429,0,25,2,3,13,52,3,3,3,1,2,6,1,1,0,5731,37,9,2,3,2,2,2,7
430,430,1430,1,24,1,2,24,73,0,3,4,1,2,1,0,2,1,2439,29,1,3,2,0,2,0,1
431,431,1431,0,2,1,3,12,40,2,1,1,2,1,2,0,1,2,3468,27,6,3,4,2,3,1,9
433,433,1433,0,29,2,3,17,93,6,2,4,1,1,7,0,1,0,6384,29,11,3,4,0,1,2,8
434,434,1434,1,29,2,3,19,70,0,0,2,0,1,1,0,1,2,6673,38,17,2,2,0,3,0,7
436,436,1436,0,27,1,3,15,95,2,1,4,1,2,3,1,1,1,2311,34,9,3,4,2,3,0,2
437,437,1437,0,10,2,4,13,79,0,3,4,0,4,0,0,2,1,4648,32,4,2,3,0,3,0,8
438,438,1438,0,5,2,4,14,57,13,3,2,4,2,15,0,1,2,3986,34,15,3,3,10,2,1,1
439,439,1439,1,24,1,3,14,73,0,3,3,1,1,1,0,2,1,1118,25,1,4,4,0,1,0,1
440,440,1440,0,6,3,3,15,42,7,0,4,1,1,7,0,1,2,9991,39,9,5,1,7,2,1,4
441,441,1441,0,8,3,3,18,31,9,3,1,9,2,13,0,1,0,10793,31,13,5,1,7,3,1,1
443,443,1443,1,9,4,1,11,82,10,2,3,14,3,23,0,2,2,12936,47,25,3,3,5,1,0,7
444,444,1444,1,3,1,3,13,91,2,0,1,0,3,2,0,1,2,4031,25,6,5,3,2,3,1,5
446,446,1446,0,1,2,3,17,66,7,0,3,1,3,9,1,2,0,4103,41,10,2,4,3,3,1,0
447,447,1447,0,8,1,3,21,77,3,0,1,0,3,5,0,1,2,2342,36,6,3,3,4,2,0,0
448,448,1448,0,3,1,3,17,40,0,3,3,0,4,0,0,0,2,2979,34,6,2,4,0,2,3,3
449,449,1449,0,4,2,3,16,30,2,2,4,1,4,3,0,1,2,4035,55,4,2,2,2,3,0,0
450,450,1450,0,18,2,2,11,93,2,2,1,1,1,3,0,1,2,6232,25,6,3,2,2,4,0,2
451,451,1451,0,2,1,3,14,98,2,2,3,0,4,5,1,1,2,2001,40,20,2,2,3,3,3,2
452,452,1452,0,2,3,2,12,74,3,3,3,0,3,10,0,1,0,10368,46,13,5,2,6,3,1,4
453,453,1453,0,10,1,2,21,69,2,3,1,0,2,2,0,1,2,2654,45,8,3,4,2,3,2,3
454,454,1454,0,3,3,3,11,48,12,3,1,1,4,13,0,2,2,9699,36,16,2,1,9,2,1,4
455,455,1455,0,3,1,3,18,41,0,2,3,0,3,1,0,0,2,1281,35,1,3,3,0,2,2,1
456,456,1456,0,2,1,3,11,56,8,0,4,7,3,9,1,1,0,2593,42,10,4,3,6,2,1,0
457,457,1457,0,7,3,3,17,59,0,0,2,0,3,1,0,1,0,9724,45,25,2,3,0,3,1,2
458,458,1458,1,7,1,3,23,75,0,1,4,0,1,1,0,1,1,2472,22,1,2,1,0,3,0,1
459,459,1459,1,8,3,3,15,53,3,3,1,0,4,4,0,2,1,10650,51,18,2,4,2,1,0,2
460,460,1460,0,10,1,3,19,33,7,3,3,1,4,8,1,2,1,2455,43,9,5,1,7,3,0,0
461,461,1461,1,22,1,3,11,48,1,2,1,0,3,5,1,1,2,2132,30,7,2,2,2,3,0,4
462,462,1462,1,4,1,3,23,40,0,3,3,0,3,1,0,2,1,2285,30,3,4,3,0,3,0,9
463,463,1463,0,10,2,3,11,98,4,3,4,4,3,6,1,1,2,5769,27,6,3,4,2,2,0,1
464,464,1464,0,8,2,3,23,61,7,1,3,1,1,10,0,2,2,5130,49,10,3,4,7,2,1,1
465,465,1465,1,5,1,3,14,69,0,1,2,0,3,0,0,2,1,1878,18,0,3,4,0,3,0,1
466,466,1466,0,1,2,2,12,89,2,0,1,0,3,5,0,1,2,5373,29,6,5,1,3,3,1,0
467,467,1467,0,28,4,4,13,32,17,0,4,14,3,20,0,1,2,16328,44,24,1,3,6,3,1,3
468,468,1468,0,2,1,3,11,86,3,0,3,1,4,6,1,1,1,4381,34,6,3,3,5,2,0,1
470,470,1470,0,1,1,3,21,38,2,2,4,0,3,2,0,1,2,3833,30,7,2,3,2,1,2,3
471,471,1471,0,10,2,4,13,59,7,2,3,1,3,8,1,1,1,3660,28,10,4,4,7,3,0,3
472,472,1472,0,28,2,3,18,41,2,2,1,2,3,2,0,1,2,8639,25,6,3,4,2,2,0,2
473,473,1473,1,1,3,1,11,46,7,2,1,11,4,14,0,1,2,10609,37,17,2,3,1,2,0,5
474,474,1474,0,29,2,2,14,96,7,1,3,1,1,8,0,1,2,6549,28,8,2,2,6,1,2,1
475,475,1475,0,4,5,4,13,85,0,2,1,0,2,1,0,1,2,18711,49,23,2,3,0,2,1,2
477,477,1477,1,24,3,2,13,66,2,0,1,2,4,2,0,1,1,10448,53,15,2,2,2,3,0,6
478,478,1478,1,4,1,4,15,32,6,3,4,5,1,7,0,1,2,3691,25,7,3,2,7,3,1,1
479,479,1479,0,6,3,3,18,32,2,1,2,2,3,2,1,1,1,8376,39,9,3,4,0,3,0,4
480,480,1480,0,10,1,2,13,82,3,0,4,4,1,5,1,1,0,2782,37,6,3,2,3,3,2,0
481,481,1481,0,5,2,1,12,85,2,1,2,1,3,3,0,1,1,6870,41,11,3,1,2,4,0,3
482,482,1482,0,8,2,3,11,42,0,2,3,0,4,1,1,1,1,3780,54,19,3,3,0,3,0,7
483,483,1483,0,16,2,4,12,90,2,1,2,1,3,3,1,1,1,4198,38,8,5,2,2,3,0,2
484,484,1484,0,1,1,4,15,97,0,3,4,0,3,0,1,0,1,1611,18,0,5,3,0,3,0,1
485,485,1485,0,14,4,3,24,94,0,0,2,1,2,4,0,1,2,17159,43,22,3,3,1,3,1,6
486,486,1486,0,1,2,3,12,44,3,2,2,0,4,4,0,2,1,5399,45,12,3,3,2,3,0,4
487,487,1487,0,7,2,3,17,77,2,2,1,0,4,3,0,2,2,6434,45,9,1,4,2,4,1,4
488,488,1488,0,2,3,2,18,86,2,2,2,2,1,2,0,2,1,10209,44,16,2,2,2,3,0,5
489,489,1489,1,2,1,3,24,51,0,2,4,0,3,1,0,1,1,2479,58,7,4,1,0,3,0,4
490,490,1490,0,17,3,2,18,65,9,2,3,1,1,19,1,1,2,8823,38,20,4,1,9,2,1,0
491,491,1491,0,2,2,3,20,43,0,3,4,0,1,6,0,2,1,5071,27,8,3,2,2,1,0,3
492,492,1492,1,4,3,2,11,32,8,3,4,9,4,14,0,1,2,10400,32,14,2,3,8,1,0,1
493,493,1493,0,4,2,3,19,60,2,1,3,1,3,3,0,0,2,6430,41,10,4,2,2,1,1,6
494,494,1494,0,3,4,4,12,51,1,1,3,5,3,13,1,1,2,16606,46,23,2,4,12,3,1,8
495,495,1495,0,2,2,3,19,59,9,3,4,3,2,10,1,1,0,5770,45,10,3,1,7,2,2,1
496,496,1496,0,5,1,2,14,53,2,3,4,0,2,5,1,2,1,2379,27,6,3,3,4,3,0,0
497,497,1497,0,14,2,3,17,68,3,2,3,0,2,5,1,1,1,6244,42,10,6,1,4,2,0,7
499,499,1499,1,9,1,3,23,82,3,0,3,0,4,5,0,1,1,3407,36,10,4,2,3,2,0,7
500,500,1500,0,10,3,4,25,64,0,3,3,0,3,5,0,1,1,11244,32,10,5,2,2,3,0,2
501,501,1501,0,2,2,3,13,54,3,0,4,0,4,5,0,2,1,5332,31,10,3,4,2,3,0,7
502,502,1502,1,1,1,3,12,50,0,2,2,0,4,1,1,2,1,1359,31,1,3,2,0,1,0,1
503,503,1503,0,6,1,3,11,47,11,3,4,10,3,15,0,1,2,3210,36,16,4,3,13,3,1,0
504,504,1504,0,7,2,3,17,30,2,1,4,0,3,3,1,2,2,4302,33,4,3,3,2,3,1,0
506,506,1506,0,4,3,3,12,92,10,1,3,14,3,22,1,1,0,10333,47,28,4,3,11,2,1,8
507,507,1507,0,1,4,3,16,65,8,3,4,11,1,21,1,1,2,12742,39,21,3,3,6,2,1,1
508,508,1508,1,11,2,3,12,60,2,2,4,1,4,4,0,0,2,4707,32,6,2,4,2,4,0,8
509,509,1509,0,8,1,3,11,48,7,2,3,0,1,8,1,2,2,3755,39,8,3,1,3,3,1,1
510,510,1510,0,7,2,3,18,52,9,3,2,1,4,11,0,1,0,5220,60,12,3,2,7,4,1,0
511,511,1511,1,21,2,4,22,66,7,1,4,3,2,9,1,1,2,8926,46,13,2,4,7,3,1,4
512,512,1512,1,8,1,2,11,77,7,0,2,0,4,7,0,1,2,2119,29,7,4,4,7,1,0,1
513,513,1513,0,9,1,3,13,60,10,3,1,4,3,14,0,1,2,2781,33,15,5,2,10,3,1,0
514,514,1514,0,10,2,3,19,77,4,0,3,1,3,5,1,1,1,4440,54,9,3,4,2,3,0,6
515,515,1515,0,2,5,2,11,56,14,2,1,4,3,22,0,1,2,18880,42,24,2,1,6,3,0,5
516,516,1516,0,5,2,3,21,98,8,3,1,0,4,9,0,2,1,5772,46,14,4,3,6,3,0,4
517,517,1517,1,1,3,3,14,91,6,0,2,3,2,20,0,1,2,10482,44,24,1,4,6,2,1,9
518,518,1518,0,8,2,4,15,56,8,3,3,0,3,10,0,1,2,6209,32,10,4,3,7,4,2,1
519,519,1519,0,28,4,2,11,59,2,2,4,0,2,5,1,2,2,13247,52,24,3,2,3,4,1,2
521,521,1521,0,1,1,2,12,74,2,3,1,1,3,6,0,1,2,3420,47,17,2,3,5,3,1,7
522,522,1522,0,8,3,2,11,51,7,1,1,1,2,26,1,1,2,7403,49,29,3,3,9,3,1,4
523,523,1523,0,15,4,3,12,77,10,0,2,11,4,20,0,1,1,13341,39,21,3,1,8,3,0,0
524,524,1524,0,18,2,2,14,87,8,2,3,0,3,10,1,1,0,4810,46,19,5,3,7,3,1,2
525,525,1525,0,9,2,3,16,92,7,3,2,0,4,7,0,1,1,5253,28,7,1,4,5,3,0,1
526,526,1526,0,10,4,2,13,37,8,2,4,1,4,37,0,1,1,13872,58,38,1,3,10,3,0,0
527,527,1527,0,21,2,4,12,44,4,3,1,1,4,5,0,1,2,6120,39,8,2,4,4,2,2,3
528,528,1528,0,2,1,2,13,65,1,0,1,0,1,4,0,1,1,3424,25,6,3,3,3,4,0,7
529,529,1529,0,10,1,2,14,61,1,1,4,1,3,7,1,2,0,3291,29,8,2,4,5,3,2,0
532,532,1532,0,20,2,3,19,37,8,3,2,0,2,10,0,1,2,5415,55,12,4,4,7,3,1,3
533,533,1533,1,12,1,4,18,74,0,0,2,0,4,1,0,2,2,2033,30,1,2,3,0,2,1,1
534,534,1534,0,2,1,3,11,78,0,3,3,0,3,1,0,1,1,2496,33,7,3,4,1,3,0,4
536,536,1536,0,1,2,3,17,66,9,1,2,0,3,10,0,1,2,6220,32,10,3,2,4,3,2,1
537,537,1537,0,26,2,2,14,74,5,0,3,7,3,7,0,1,2,8396,40,8,3,2,7,3,1,1
538,538,1538,0,4,1,1,13,51,2,1,3,1,1,3,1,1,1,3295,23,3,3,3,2,3,0,1
539,539,1539,1,7,2,3,18,79,1,2,4,1,2,10,0,1,2,4883,32,10,3,1,4,3,1,1
540,540,1540,0,7,2,4,14,30,0,2,3,0,4,1,1,0,2,5258,46,7,2,3,0,3,0,2
541,541,1541,0,9,1,2,20,75,0,1,2,0,3,1,1,1,2,3346,58,9,3,2,0,2,1,4
542,542,1542,0,2,2,3,24,38,7,1,3,3,2,8,1,2,2,4244,40,8,2,4,7,4,1,1
543,543,1543,0,17,2,3,12,79,8,0,3,1,2,10,0,1,0,4558,28,10,2,4,0,3,1,1
544,544,1544,1,13,2,3,13,96,2,0,2,2,5,2,0,1,0,6134,36,16,3,2,2,2,3,5
546,546,1546,0,7,2,3,20,36,8,2,4,2,2,9,0,2,0,5968,33,9,2,3,7,3,3,1
547,547,1547,1,21,1,4,13,37,0,1,4,0,3,1,0,1,1,2121,19,1,3,2,0,2,0,1
548,548,1548,0,18,1,3,12,52,2,2,2,1,1,5,0,1,2,2774,24,6,2,3,3,3,1,0
549,549,1549,1,23,3,2,12,94,6,3,4,15,4,40,1,1,2,10312,58,40,3,4,10,3,1,1
550,550,1550,0,18,4,3,23,83,7,1,1,7,5,10,1,1,1,16835,55,37,2,4,9,3,0,3
551,551,1551,0,7,2,2,12,97,3,3,4,0,5,4,0,1,2,9204,32,7,3,3,3,3,1,4
552,552,1552,1,24,1,3,17,51,0,1,3,0,3,1,0,1,2,2408,28,1,3,3,1,3,3,1
553,553,1553,0,26,1,2,14,85,3,2,2,1,2,4,1,0,2,2814,22,4,2,2,2,2,0,1
554,554,1554,0,21,2,1,25,51,7,3,4,0,1,10,1,1,2,4014,35,10,2,4,6,3,1,1
555,555,1555,0,1,2,2,21,57,9,2,3,1,4,13,0,0,0,6306,56,13,2,1,12,3,1,1
556,556,1556,0,1,1,2,13,95,6,0,3,7,3,7,0,1,1,2867,26,8,6,4,7,3,0,0
557,557,1557,1,19,2,2,13,67,4,3,1,0,3,5,0,0,1,5304,34,9,3,2,2,4,0,8
559,559,1559,0,2,1,3,14,78,2,0,4,1,3,4,0,1,1,2439,32,4,4,4,2,3,0,1
560,560,1560,0,2,2,3,17,77,7,2,4,0,1,7,0,2,0,5206,25,7,6,3,7,4,2,1
561,561,1561,0,16,2,4,19,64,7,2,3,2,4,19,0,2,0,5067,47,20,3,3,10,4,0,1
562,562,1562,1,24,1,3,16,97,0,3,1,1,2,4,0,1,1,2587,56,5,3,4,2,3,0,1
563,563,1563,0,23,2,4,12,67,2,1,2,1,3,3,0,0,2,2042,44,17,3,3,2,3,1,4
564,564,1564,0,2,5,3,21,32,2,3,3,2,4,3,1,0,2,18844,59,30,3,4,2,2,1,9
565,565,1565,0,1,2,2,14,62,2,0,4,1,4,6,0,0,2,4087,32,9,3,2,5,3,1,4
566,566,1566,0,9,1,2,16,99,3,1,4,0,3,7,1,1,1,2279,27,7,2,4,7,3,0,1
567,567,1567,1,14,1,1,24,39,2,1,3,0,4,4,0,1,0,3743,35,5,2,4,2,2,1,1
568,568,1568,1,13,4,2,17,85,8,2,1,3,4,19,0,1,1,13695,55,24,2,3,7,4,0,6
569,569,1569,0,8,4,3,15,37,0,1,4,15,1,33,0,0,0,13577,55,34,3,4,9,2,1,1
570,570,1570,0,8,2,3,12,39,2,2,3,1,4,5,0,1,0,7104,33,6,3,4,0,3,0,0
571,571,1571,0,1,1,3,16,59,3,0,1,1,2,5,0,1,2,3955,26,6,2,1,3,2,2,1
572,572,1572,0,6,3,3,11,38,6,2,4,7,3,7,0,1,2,8237,39,11,3,1,6,4,1,2
573,573,1573,0,1,3,1,14,66,4,3,2,0,2,6,0,1,2,11904,59,14,1,3,4,3,1,3
574,574,1574,1,10,1,4,25,96,0,1,1,0,3,1,1,0,1,1859,19,1,2,2,1,2,0,1
575,575,1575,0,1,2,4,18,51,7,2,1,0,4,7,0,1,0,5993,37,7,2,3,5,2,1,1
576,576,1576,1,2,5,3,12,31,8,1,4,13,4,31,0,1,1,19246,58,40,2,4,15,3,0,7
577,577,1577,0,8,2,3,22,57,2,1,4,1,3,3,0,1,2,4851,25,4,4,3,2,4,1,0
578,578,1578,0,9,3,3,12,74,2,0,4,0,3,5,0,1,0,10761,45,18,2,3,4,3,1,4
579,579,1579,0,10,2,3,16,51,4,2,1,0,4,5,1,1,1,6142,35,10,4,3,2,3,0,3
580,580,1580,0,2,1,3,19,54,2,2,1,1,2,2,0,1,2,3067,31,3,1,3,2,3,1,0
581,581,1581,0,2,2,3,11,80,10,2,4,11,4,20,1,1,1,4553,39,20,4,1,7,2,0,1
582,582,1582,0,17,4,3,11,38,0,2,4,6,3,10,0,0,1,17444,33,10,2,4,8,3,0,1
583,583,1583,0,2,2,3,13,81,2,3,3,2,4,10,1,1,2,4089,42,10,4,2,2,3,2,1
584,584,1584,1,11,3,4,18,43,7,3,3,7,3,9,1,1,2,7654,49,9,3,1,8,3,2,1
585,585,1585,0,1,1,3,22,76,0,3,4,1,3,5,0,1,2,2782,41,12,3,1,3,3,1,3
586,586,1586,0,11,2,3,13,60,3,0,1,3,2,5,0,2,2,4741,26,5,3,3,3,3,1,1
588,588,1588,0,2,4,3,22,30,2,0,4,2,3,2,1,2,2,17856,50,32,3,3,2,3,1,2
589,589,1589,0,10,2,3,19,76,0,2,3,0,3,1,1,1,2,9824,38,18,4,3,0,3,1,3
590,590,1590,1,22,1,3,11,58,0,2,4,0,1,1,0,1,2,1555,24,1,2,3,0,1,1,1
591,591,1591,0,12,1,4,13,78,4,3,4,1,2,5,0,1,1,2647,23,5,6,3,2,3,0,1
592,592,1592,1,15,1,2,12,72,2,2,3,2,3,2,0,2,2,2610,31,2,5,3,2,3,1,1
593,593,1593,0,9,1,3,19,63,3,2,1,0,3,5,1,2,2,2942,56,18,4,2,4,3,1,2
594,594,1594,0,23,3,3,16,80,2,2,4,0,2,2,0,1,1,7082,41,21,2,4,0,3,0,3
595,595,1595,0,7,4,3,19,59,3,2,3,1,3,5,0,1,2,14814,53,32,3,3,1,4,0,3
597,597,1597,0,1,1,3,12,58,7,2,4,1,4,8,0,1,2,2258,35,10,2,2,0,2,1,6
598,598,1598,0,4,2,3,12,98,8,2,3,6,3,14,1,1,2,6162,32,14,3,3,13,2,1,1
599,599,1599,0,2,1,3,23,42,0,3,4,0,2,1,0,2,2,1702,38,1,3,3,0,3,1,1
600,600,1600,0,5,1,2,12,90,3,2,2,0,5,4,0,1,2,2127,41,7,5,1,2,4,0,2
602,602,1602,0,2,5,3,14,79,12,2,3,1,4,20,1,1,2,18041,40,21,2,4,15,3,0,0
604,604,1604,1,6,1,3,18,66,0,3,4,1,3,1,1,2,1,2926,20,1,5,2,0,2,0,1
605,605,1605,0,3,4,4,11,31,16,0,3,1,4,34,0,1,2,16856,52,34,3,1,6,2,0,1
606,606,1606,0,1,2,3,23,58,7,3,3,3,2,12,1,2,1,4011,30,12,2,4,8,3,0,1
607,607,1607,0,17,3,3,23,95,8,0,2,0,4,9,1,1,2,11916,30,9,2,4,1,3,2,1
608,608,1608,1,24,2,4,23,40,10,1,1,10,4,15,1,1,1,4599,34,16,2,3,9,2,0,0
609,609,1609,0,2,4,1,13,51,1,2,1,0,3,3,0,1,2,17861,46,26,2,3,2,3,0,6
610,610,1610,0,5,1,3,18,97,2,3,3,2,1,2,0,1,1,3117,21,3,2,3,2,3,0,1
611,611,1611,0,19,1,3,11,93,2,3,2,1,2,2,0,1,0,2661,34,3,2,3,2,3,1,0
612,612,1612,0,9,2,3,14,46,3,1,2,0,2,5,0,1,2,4189,37,5,2,1,2,2,2,1
613,613,1613,0,1,1,3,14,96,2,2,3,1,4,3,1,1,0,2232,39,7,1,3,2,3,3,7
614,614,1614,0,3,3,2,17,93,7,1,4,1,3,9,1,1,0,7655,28,10,3,2,7,3,3,0
615,615,1615,1,16,3,3,13,70,0,2,1,0,4,1,0,1,2,8161,31,10,2,1,0,3,3,2
616,616,1616,0,3,2,3,20,79,4,0,4,0,2,5,0,1,0,6842,36,13,3,1,4,4,1,6
617,617,1617,0,3,2,3,25,43,2,0,3,1,2,3,1,1,2,4789,49,10,3,1,2,2,1,4
618,618,1618,0,2,1,3,16,78,7,0,4,0,4,9,1,2,1,4968,30,10,2,4,7,2,0,0
620,620,1620,0,1,3,3,16,97,3,0,4,0,4,4,0,1,0,9396,46,17,3,3,2,3,1,7
621,621,1621,1,2,1,2,13,84,2,3,1,2,4,3,0,1,2,3464,28,5,4,4,2,1,0,5
622,622,1622,0,6,1,3,13,71,2,3,3,0,3,3,1,1,2,2659,26,3,2,3,2,3,1,1
623,623,1623,1,2,2,3,11,81,4,1,3,1,3,5,0,1,2,4855,38,7,2,1,2,3,2,4
624,624,1624,0,20,2,3,11,89,2,2,2,0,3,10,0,1,0,4197,31,10,2,1,8,3,1,1
625,625,1625,0,2,2,3,14,90,7,3,2,1,2,7,0,0,0,5762,35,15,6,3,7,3,1,2
626,626,1626,0,1,1,2,15,86,2,2,3,0,3,3,0,1,2,3690,50,5,2,4,2,2,1,2
627,627,1627,0,1,2,2,14,31,3,3,3,1,4,6,0,2,0,9525,37,6,2,3,3,1,2,1
628,628,1628,0,1,1,3,14,71,0,3,1,2,2,2,1,2,0,4364,26,5,2,1,2,1,1,3
629,629,1629,0,8,2,3,16,58,7,1,4,0,3,20,1,2,0,2133,38,20,3,3,11,2,1,1
631,631,1631,0,10,1,3,11,99,0,2,3,0,3,1,0,1,1,2642,29,1,6,3,0,3,0,1
632,632,1632,0,15,1,3,14,96,0,3,3,0,2,0,0,1,1,1232,21,0,6,4,0,3,0,1
633,633,1633,0,9,1,2,13,52,2,2,1,1,3,3,0,0,1,2438,43,7,2,3,2,3,0,4
634,634,1634,0,2,2,3,18,47,2,3,1,2,4,3,1,1,2,4227,27,4,2,2,2,3,1,0
635,635,1635,0,1,5,3,14,81,13,0,4,4,3,36,0,1,1,19045,55,37,2,3,10,3,0,0
636,636,1636,1,15,2,2,14,59,2,3,1,2,2,2,0,1,0,5440,35,7,2,4,2,1,2,6
637,637,1637,0,7,3,2,21,44,1,3,3,0,3,5,0,1,0,11557,31,10,3,3,4,2,1,9
638,638,1638,0,2,4,3,13,97,2,3,3,1,3,5,1,1,1,16659,55,30,2,3,4,3,0,2
639,639,1639,0,1,2,4,12,70,2,2,4,0,3,3,0,2,1,6294,29,10,5,4,2,4,0,8
640,640,1640,0,2,1,3,23,76,4,1,3,0,3,5,0,1,2,2703,29,6,3,4,4,3,1,0
641,641,1641,1,10,3,3,17,55,0,0,4,6,3,13,0,1,2,10306,35,15,3,3,12,2,0,9
642,642,1642,1,3,1,1,12,33,7,2,4,7,3,7,1,2,1,4084,31,7,2,1,2,3,0,1
643,643,1643,1,1,1,2,13,63,8,3,4,7,4,10,0,1,1,2686,33,10,2,3,9,3,0,1
644,644,1644,0,11,1,4,14,91,4,0,2,1,1,5,0,1,2,2099,27,6,3,2,0,3,0,0
645,645,1645,0,3,2,4,12,93,3,0,3,6,4,8,1,1,2,6725,32,8,2,3,7,3,1,1
646,646,1646,0,2,5,3,14,58,11,2,4,9,2,19,1,1,2,19187,55,23,5,4,9,1,1,4
647,647,1647,0,4,2,4,15,43,4,2,2,0,3,5,0,0,2,4221,28,5,3,2,4,3,0,1
648,648,1648,0,13,1,3,13,78,0,1,4,0,2,1,1,0,2,2033,24,1,2,3,0,3,1,1
649,649,1649,0,6,4,3,15,75,13,2,2,5,3,20,1,1,1,13237,40,22,3,3,6,3,0,7
650,650,1650,0,5,3,3,13,62,13,1,3,0,4,16,0,1,1,8095,35,17,5,4,6,3,0,0
651,651,1651,0,2,3,3,25,64,8,2,3,11,4,19,1,2,1,10938,39,20,1,4,6,3,0,0
652,652,1652,0,8,1,3,19,87,2,2,1,1,5,3,0,0,2,4621,27,3,4,4,2,1,3,1
654,654,1654,0,1,5,2,19,73,7,1,1,0,3,8,1,2,2,18172,50,28,1,1,3,3,0,3
656,656,1656,0,2,2,3,18,84,2,1,4,1,3,4,0,1,0,5482,51,13,3,4,1,1,1,5
657,657,1657,0,1,2,3,11,88,2,2,4,1,4,3,0,1,2,6755,57,15,2,3,2,3,0,2
658,658,1658,1,7,1,3,16,55,2,2,1,1,3,6,1,2,2,2886,24,6,4,4,3,3,1,1
659,659,1659,0,4,2,3,11,87,1,2,3,1,4,9,0,2,1,4249,35,9,3,2,6,3,0,1
660,660,1660,0,2,2,3,23,98,0,3,1,0,4,1,0,1,1,6781,42,14,6,2,0,2,0,3
661,661,1661,0,1,1,3,16,36,2,0,3,0,3,4,1,1,2,3580,49,7,2,2,2,3,1,2
662,662,1662,1,3,1,3,13,54,0,2,3,0,3,0,0,1,1,1420,18,0,2,3,0,3,0,1
663,663,1663,0,1,1,3,20,70,2,1,3,0,3,3,1,0,2,2332,32,5,3,3,0,2,0,6
664,664,1664,0,1,1,3,11,100,2,0,3,0,4,3,0,1,1,2799,33,6,1,2,2,2,0,3
665,665,1665,0,2,2,2,20,77,3,3,2,0,4,4,1,1,2,5405,38,20,4,1,2,1,2,2
666,666,1666,1,16,2,3,15,69,2,0,1,0,3,3,1,1,1,5324,33,6,3,3,2,3,0,5
667,667,1667,0,10,2,2,14,92,7,2,4,7,4,8,0,2,2,5063,34,8,3,2,2,2,1,1
668,668,1668,0,14,1,2,14,42,8,0,1,6,3,9,0,1,2,2235,27,9,3,4,7,3,2,1
669,669,1669,0,7,2,2,15,68,7,3,4,1,4,7,1,1,2,6854,54,14,2,2,1,3,1,4
670,670,1670,0,2,2,3,11,37,2,1,2,1,3,6,1,2,1,4425,35,10,5,4,2,3,0,5
671,671,1671,1,2,1,2,13,57,0,3,2,1,4,7,1,1,0,2778,41,10,1,3,7,1,1,4
672,672,1672,0,21,4,2,13,72,0,3,4,0,3,1,1,1,2,17875,58,29,2,3,0,3,1,4
673,673,1673,0,25,2,3,14,54,2,3,1,0,2,3,0,1,1,3681,35,9,3,4,2,2,0,4
674,674,1674,0,3,3,3,18,93,7,2,2,0,4,10,0,1,2,11935,29,10,2,3,2,2,0,1
676,676,1676,0,10,1,2,13,56,3,2,1,1,3,5,0,2,2,3433,32,10,3,1,2,3,1,6
677,677,1677,0,14,1,3,12,56,8,2,1,1,3,9,0,1,0,2451,41,13,2,1,8,3,1,4
678,678,1678,0,24,3,2,21,56,8,0,4,5,3,10,0,1,2,7406,42,10,5,4,9,3,1,1
679,679,1679,0,10,2,3,14,39,7,1,4,1,1,7,1,1,0,8268,29,7,2,1,7,2,2,1
680,680,1680,1,2,1,2,14,57,0,3,4,0,1,1,0,2,0,2380,58,3,3,4,0,2,1,9
681,681,1681,0,6,1,3,13,59,17,0,4,2,3,18,0,1,1,4721,41,20,3,3,13,3,0,2
682,682,1682,0,2,1,1,17,67,4,1,1,0,1,5,0,1,2,3201,28,6,2,1,3,2,0,0
683,683,1683,0,5,2,3,12,85,5,0,2,1,2,6,0,0,0,4000,25,6,2,4,3,4,2,1
684,684,1684,0,2,2,3,17,73,8,3,4,8,3,10,0,1,2,7847,43,10,3,1,9,3,1,1
685,685,1685,0,9,1,3,17,43,2,2,4,1,4,5,1,1,2,2974,29,9,2,3,3,3,1,9
686,686,1686,0,6,2,4,22,66,7,3,1,5,4,7,0,1,0,5460,31,13,4,4,7,4,2,4
687,687,1687,0,7,3,3,18,97,11,0,1,9,3,24,0,2,0,5210,45,24,2,1,9,3,1,1
688,688,1688,0,12,4,3,11,59,9,1,1,3,3,25,0,1,0,14336,43,25,3,3,10,2,1,1
689,689,1689,0,18,2,4,14,80,2,2,3,0,4,10,0,2,2,5689,35,10,2,4,2,3,2,1
690,690,1690,0,10,4,2,13,91,7,0,4,7,3,7,0,2,0,17181,41,21,2,2,6,2,1,4
691,691,1691,0,1,1,3,15,43,2,3,3,2,2,3,0,0,0,2706,28,3,2,2,2,3,1,1
692,692,1692,0,2,3,4,19,54,2,2,4,0,2,5,1,1,2,7756,38,10,6,4,4,2,1,3
693,693,1693,0,15,2,3,12,49,8,2,4,0,2,9,1,1,1,4193,29,10,3,4,5,2,0,0
694,694,1694,0,10,2,3,13,42,2,3,3,7,4,9,0,2,0,4724,34,9,3,1,7,4,1,1
695,695,1695,1,5,1,3,14,47,3,2,1,0,2,4,1,2,1,2432,32,8,2,1,1,4,0,3
696,696,1696,0,6,2,3,17,86,2,3,4,2,3,2,0,1,1,2450,53,19,4,4,2,3,0,2
697,697,1697,0,1,2,3,12,90,4,2,3,1,4,5,0,0,2,4345,31,6,2,4,4,1,1,0
698,698,1698,0,14,2,2,17,68,11,3,3,4,1,16,0,1,2,6586,36,17,2,1,8,3,1,0
699,699,1699,0,1,5,3,14,65,9,2,3,11,4,33,0,1,2,19999,52,34,5,1,18,2,1,0
700,700,1700,0,11,2,3,20,82,4,2,4,1,4,5,1,1,2,3149,52,9,3,2,2,3,1,8
702,702,1702,0,2,1,3,22,42,3,1,4,3,3,4,1,2,1,2440,38,4,3,2,3,2,0,1
703,703,1703,0,9,2,1,18,60,15,1,2,0,3,17,0,1,0,2348,45,20,2,3,9,3,1,8
704,704,1704,0,20,1,3,12,67,2,3,3,2,3,2,0,2,2,2791,31,3,4,1,2,4,1,0
705,705,1705,0,3,1,2,15,79,1,2,3,0,3,1,0,0,0,2566,27,1,2,4,1,2,1,1
706,706,1706,0,2,2,4,11,98,11,3,3,4,4,14,1,1,1,6687,34,14,2,4,11,3,0,1
707,707,1707,1,3,1,3,14,86,2,2,1,0,2,3,0,1,2,2683,50,3,2,3,2,2,0,1
708,708,1708,0,7,1,2,13,64,0,2,3,0,3,1,0,0,0,1274,30,1,2,2,0,3,2,1
709,709,1709,1,1,1,2,12,99,3,1,3,2,2,5,0,2,0,2342,44,6,2,3,3,3,3,1
711,711,1711,0,2,1,3,18,72,0,1,3,0,1,1,0,1,2,2476,30,1,3,1,0,3,1,1
712,712,1712,0,8,1,3,18,67,2,0,3,2,3,2,1,1,0,4257,56,19,3,3,2,3,1,4
713,713,1713,0,5,2,3,11,67,2,3,1,0,4,10,1,1,2,5476,31,10,2,1,0,3,2,1
715,715,1715,0,8,1,2,15,94,1,0,2,1,1,4,0,1,2,2451,22,4,3,1,3,1,1,1
716,716,1716,0,9,1,3,16,42,2,1,3,2,4,2,0,1,1,2657,31,3,5,4,2,2,0,0
717,717,1717,0,29,2,3,19,61,3,0,3,0,4,4,0,1,0,4115,30,8,3,3,3,3,3,8
718,718,1718,0,15,2,2,24,88,11,3,4,11,4,15,0,0,0,5406,36,15,4,1,12,1,1,1
719,719,1719,0,19,2,2,16,36,0,0,3,0,2,1,0,1,0,3072,41,17,2,1,0,3,2,2
721,721,1721,0,2,2,2,14,63,8,1,4,0,3,9,0,2,2,5390,49,17,3,4,6,2,0,2
722,722,1722,0,6,1,3,18,61,7,3,3,7,3,7,0,2,2,2544,26,8,3,1,7,4,1,0
723,723,1723,0,1,2,3,12,52,7,0,3,0,3,7,0,2,1,4294,26,7,2,2,7,2,0,1
724,724,1724,1,14,1,3,18,72,3,1,2,4,4,5,1,1,2,4963,56,7,2,1,4,3,3,9
726,726,1726,0,13,2,2,18,95,0,0,2,0,3,0,0,1,2,5538,42,10,2,3,0,4,2,5
727,727,1727,0,1,1,3,12,42,7,3,4,5,3,17,1,1,1,2115,37,17,3,2,12,3,0,1
728,728,1728,0,2,2,3,22,35,7,3,3,7,2,7,1,1,2,4537,47,8,2,1,6,3,1,0
729,729,1729,0,1,4,2,14,87,7,3,4,1,3,7,1,1,0,16124,29,9,2,2,7,2,2,3
730,730,1730,0,6,2,3,14,41,10,2,1,2,4,16,1,1,1,4809,34,16,3,3,13,3,0,1
731,731,1731,0,14,2,2,11,87,7,3,3,0,2,7,1,1,2,4936,51,18,2,3,7,3,1,4
732,732,1732,0,13,1,3,13,36,4,1,3,0,3,5,0,1,2,2143,36,8,2,2,2,3,1,4
733,733,1733,0,9,5,4,17,64,11,2,1,0,3,18,0,2,0,19419,41,21,2,2,16,3,1,2
734,734,1734,1,12,1,2,11,79,0,3,3,0,1,1,1,1,2,2515,28,1,4,4,1,3,0,1
735,735,1735,0,18,1,2,14,75,4,2,1,0,3,5,1,1,1,2632,30,5,4,3,4,3,0,1
736,736,1736,0,10,1,3,14,59,1,3,1,2,3,2,0,2,2,2145,24,3,2,4,2,3,1,0
737,737,1737,0,1,2,3,13,73,0,2,2,0,4,1,1,1,1,6815,36,15,5,1,0,3,0,6
738,738,1738,0,5,2,2,13,43,9,1,1,0,3,10,0,1,0,4187,29,10,3,2,0,2,1,1
739,739,1739,0,2,1,3,13,75,7,1,3,0,3,8,1,1,2,2370,32,8,4,3,0,3,1,1
740,740,1740,0,24,2,3,19,96,8,0,3,1,3,10,1,1,1,6812,31,10,2,2,9,2,0,1
741,741,1741,0,2,5,3,19,49,9,2,1,3,2,21,0,1,0,19436,40,22,5,4,7,3,1,0
742,742,1742,0,7,1,3,14,59,2,0,4,1,3,3,0,1,1,2062,29,11,2,2,2,3,0,3
743,743,1743,0,9,1,2,18,91,0,2,3,0,3,1,0,1,2,2451,29,5,2,1,0,4,2,6
744,744,1744,0,9,1,3,13,74,8,3,1,5,2,12,1,2,1,3673,42,12,3,3,9,3,0,1
745,745,1745,1,2,1,1,11,79,0,2,1,0,4,0,0,1,1,3485,28,5,5,3,0,3,0,2
746,746,1746,0,10,3,3,25,42,8,3,3,6,3,16,1,1,2,13744,37,16,2,1,11,4,1,1
747,747,1747,0,1,3,4,17,59,2,3,2,1,3,6,1,1,1,7491,37,12,3,4,5,3,0,4
748,748,1748,0,23,2,3,14,82,2,3,4,1,4,2,0,1,0,5745,38,10,2,2,2,3,1,9
749,749,1749,0,23,2,3,21,36,8,2,2,5,1,9,1,1,2,3540,27,9,5,4,8,2,1,1
750,750,1750,0,1,3,2,23,74,4,2,3,14,1,23,0,0,2,10748,45,25,3,4,15,2,1,3
751,751,1751,0,9,1,3,14,35,0,1,4,0,4,1,0,2,0,3617,40,3,2,4,1,3,1,8
752,752,1752,0,8,2,2,22,85,4,2,1,0,2,5,1,1,0,4907,25,6,3,2,3,3,1,0
753,753,1753,0,25,3,3,13,79,0,3,3,0,3,1,0,1,0,10798,43,18,5,3,0,2,1,5
754,754,1754,0,24,3,3,15,48,2,3,2,1,4,4,0,1,2,7005,53,11,2,3,3,4,0,3
755,755,1755,0,7,3,3,24,48,9,2,3,8,2,10,1,2,2,8943,31,10,2,1,9,2,1,1
757,757,1757,0,1,2,3,16,80,3,2,1,0,3,5,1,1,1,4859,35,5,3,4,4,3,0,1
758,758,1758,0,25,1,2,14,84,4,0,3,1,4,9,1,1,2,3211,49,10,3,4,6,3,1,1
759,759,1759,0,1,4,4,13,81,0,3,2,0,4,7,0,1,0,14732,55,31,4,4,7,4,2,2
760,760,1760,0,6,2,1,20,34,5,2,2,4,2,7,0,1,2,2306,53,13,3,4,7,3,1,2
761,761,1761,1,1,1,3,15,45,0,1,1,0,3,1,0,2,0,2596,28,1,2,1,0,2,2,1
762,762,1762,0,26,2,3,18,100,2,3,3,2,4,3,0,0,2,4465,32,4,2,1,2,3,0,0
763,763,1763,0,19,1,3,12,78,3,0,4,3,4,6,0,1,2,3196,28,6,2,3,5,2,3,1
766,766,1766,0,20,2,2,12,31,3,2,4,0,4,4,1,2,1,4869,54,20,4,4,3,3,0,3
767,767,1767,0,9,1,2,24,39,2,3,1,2,2,3,0,0,1,2610,21,3,3,3,2,3,0,1
768,768,1768,1,6,1,1,21,70,2,0,4,2,3,2,0,1,2,2404,39,8,2,4,2,3,0,7
769,769,1769,0,8,2,3,18,72,2,3,4,2,2,2,0,0,0,4069,40,8,2,3,2,3,0,3
770,770,1770,0,1,2,2,13,33,8,3,2,1,4,9,1,1,1,7625,38,10,4,3,7,4,0,0
771,771,1771,0,8,2,4,12,82,2,2,2,1,3,4,0,1,2,4404,34,6,3,1,3,4,0,2
772,772,1772,0,1,2,2,21,75,3,0,2,1,5,4,1,1,0,5454,44,9,2,3,3,3,1,5
773,773,1773,1,11,1,3,15,98,0,0,4,0,3,1,1,1,1,2600,20,1,2,1,0,2,0,1
774,774,1774,1,1,1,2,14,85,5,2,3,1,3,6,0,1,1,2058,29,7,1,4,2,3,0,0
775,775,1775,0,10,1,4,17,43,0,2,4,2,4,5,0,2,0,3815,34,5,4,4,3,3,1,1
776,776,1776,0,8,2,3,23,61,8,3,3,1,4,11,1,1,1,4424,31,11,2,4,7,3,0,1
777,777,1777,0,22,4,3,25,91,7,2,2,4,5,10,1,1,2,17426,54,36,6,3,8,3,1,3
778,778,1778,0,7,1,4,15,41,2,2,2,5,4,7,0,1,2,2329,31,13,2,2,7,2,0,3
779,779,1779,0,5,1,3,17,35,2,3,2,0,4,3,1,1,2,3312,32,6,3,4,2,4,2,3
780,780,1780,0,9,1,3,13,83,8,2,4,1,2,10,0,1,1,2206,30,10,5,1,0,2,0,1
781,781,1781,0,7,2,3,12,73,7,3,4,1,3,7,0,1,0,7547,31,13,3,4,7,3,3,4
782,782,1782,1,5,2,3,11,46,3,2,3,0,3,6,0,1,1,5744,25,6,1,4,4,2,0,1
783,783,1783,0,5,3,3,21,48,12,0,4,1,4,18,0,2,2,10475,40,20,2,3,13,2,1,5
784,784,1784,1,13,2,1,11,51,0,1,1,0,3,5,1,2,1,5765,29,7,4,1,3,3,0,5
785,785,1785,0,7,1,3,18,65,1,3,2,0,4,6,0,1,1,4678,36,8,6,3,2,3,0,2
786,786,1786,0,23,1,3,11,89,4,3,2,1,3,6,0,1,2,2725,24,6,3,2,5,4,2,1
787,787,1787,0,23,2,2,19,47,0,3,3,0,3,2,1,1,2,4157,26,5,2,3,2,2,1,7
788,788,1788,0,10,1,1,11,71,7,1,2,7,3,8,1,1,2,3936,37,8,2,1,4,3,1,1
789,789,1789,0,1,4,1,11,40,2,0,4,0,4,3,1,1,2,15402,48,21,3,1,2,2,1,7
791,791,1791,1,12,4,2,12,44,14,0,3,13,3,21,0,2,1,13758,42,22,2,2,9,3,0,0
792,792,1792,0,25,4,3,22,81,0,3,3,0,4,9,1,2,2,13826,52,31,3,3,8,2,0,3
793,793,1793,0,20,2,2,15,85,2,0,3,0,3,6,0,1,2,9957,30,7,1,3,2,3,1,0
794,794,1794,0,11,2,4,11,73,4,2,4,9,3,10,1,2,2,6323,40,10,2,1,9,3,1,1
795,795,1795,1,3,1,3,22,73,4,0,3,0,1,6,0,2,1,3102,26,7,2,3,4,3,0,0
796,796,1796,0,3,2,2,17,45,4,3,1,0,1,6,0,2,1,7756,34,7,1,3,2,3,0,0
797,797,1797,0,9,1,3,21,94,4,0,3,1,4,5,0,1,2,2238,41,7,2,4,0,3,1,2
798,798,1798,0,12,2,3,12,77,0,3,2,0,4,0,0,1,0,5087,42,14,4,3,0,3,2,3
799,799,1799,1,16,1,3,23,85,0,0,4,3,4,5,0,0,2,2307,34,5,2,2,2,1,1,1
800,800,1800,0,10,3,3,13,90,7,0,4,5,3,12,0,1,2,8321,36,15,1,4,8,3,1,7
801,801,1801,0,7,2,3,14,54,3,0,4,0,3,4,0,2,2,4373,33,5,2,1,3,3,2,0
802,802,1802,0,13,1,3,20,77,2,1,3,2,3,2,1,2,2,2743,32,2,2,3,2,2,1,1
804,804,1804,0,3,1,1,15,53,4,3,3,1,3,5,0,0,2,2097,30,9,3,3,3,3,1,4
805,805,1805,0,1,3,1,17,53,4,2,4,1,4,5,1,2,0,10502,54,33,2,1,4,3,1,7
806,806,1806,0,21,1,3,20,61,2,3,4,1,3,3,0,2,2,2258,43,8,1,1,2,3,1,7
807,807,1807,0,8,4,3,14,33,2,2,4,0,3,5,1,1,0,14756,55,21,2,3,0,3,3,2
808,808,1808,0,13,3,2,18,39,1,2,4,1,4,8,0,1,0,8628,34,9,2,3,7,3,1,1
809,809,1809,0,3,4,3,18,98,0,1,4,1,3,7,1,1,1,13734,51,21,6,3,7,3,0,3
810,810,1810,0,20,2,3,14,97,2,2,1,1,1,4,0,1,1,2272,23,5,2,2,3,3,0,0
811,811,1811,0,28,1,1,14,73,4,0,4,0,4,5,1,1,1,3785,29,5,3,2,4,2,0,1
812,812,1812,1,1,2,3,14,81,0,2,4,0,4,0,0,2,1,4728,50,5,4,4,0,3,0,3
813,813,1813,0,28,4,3,23,60,10,1,1,0,4,20,1,1,2,13570,41,21,3,3,7,2,1,0
814,814,1814,0,18,3,2,22,71,8,0,2,1,5,9,0,2,2,9069,35,9,3,4,8,3,1,1
815,815,1815,0,3,2,2,15,35,1,1,4,0,3,4,1,1,1,4107,37,8,3,1,3,3,0,3
816,816,1816,0,1,1,4,22,90,0,0,1,1,2,3,1,1,2,2066,56,5,3,4,2,3,1,2
817,817,1817,0,4,3,4,21,56,3,2,3,0,3,5,1,1,2,9756,45,9,2,3,0,1,2,4
818,818,1818,0,16,1,2,12,33,8,3,2,0,1,10,0,1,2,2862,30,10,2,2,0,3,1,1
819,819,1819,1,10,3,3,21,64,7,1,3,0,3,8,1,1,2,7314,46,14,2,3,7,3,3,5
820,820,1820,0,2,2,3,14,37,7,3,2,6,5,9,1,1,2,4051,48,14,2,1,7,3,1,2
821,821,1821,0,24,3,1,16,83,4,3,3,1,2,5,0,1,0,9439,57,12,2,2,3,4,1,3
822,822,1822,0,1,1,2,13,90,0,2,2,1,2,1,1,1,2,2933,26,1,3,3,0,2,1,1
823,823,1823,0,9,1,3,22,66,2,1,1,0,4,5,0,0,2,2810,36,5,3,2,4,4,0,1
824,824,1824,0,8,3,3,13,59,8,2,3,12,3,17,1,1,0,10096,36,17,2,2,14,3,3,1
826,826,1826,1,3,1,3,11,48,0,3,3,0,4,0,0,2,2,2853,22,1,5,2,0,2,1,0
828,828,1828,0,1,1,3,11,82,4,1,4,0,2,5,0,1,0,3816,27,5,2,2,2,3,1,1
829,829,1829,0,2,2,3,22,78,0,2,2,0,3,1,1,1,2,3448,40,20,3,2,0,2,1,6
830,830,1830,0,17,1,4,15,62,2,2,4,0,4,3,0,1,2,2305,26,3,3,3,2,1,3,1
831,831,1831,0,15,1,2,12,65,6,0,3,7,4,8,1,1,2,2367,48,10,3,4,2,3,1,8
832,832,1832,0,2,2,3,22,73,0,1,4,0,4,1,1,1,2,6962,36,15,2,4,0,3,1,4
833,833,1833,0,2,2,3,13,46,1,2,2,3,2,8,0,1,1,6632,45,9,3,1,7,1,0,0
836,836,1836,1,22,2,3,12,68,0,2,3,1,2,6,0,1,2,6380,40,8,6,1,4,2,2,2
837,837,1837,0,24,2,3,15,47,8,1,2,0,4,9,1,0,2,5674,36,11,3,3,8,3,1,7
838,838,1838,0,8,2,3,14,74,2,2,3,0,4,5,1,1,0,4522,43,8,3,4,2,3,0,4
839,839,1839,0,8,1,3,19,36,1,3,4,0,1,1,0,1,2,2269,35,1,2,4,0,4,0,1
840,840,1840,0,29,1,4,13,91,2,0,2,1,1,6,0,1,0,3907,24,6,2,2,2,3,3,1
841,841,1841,1,18,1,3,17,89,0,0,4,0,5,1,0,1,2,2956,31,2,4,3,0,4,0,0
842,842,1842,0,12,2,3,12,76,1,2,3,1,4,3,1,1,2,4663,36,7,2,2,2,3,2,9
843,843,1843,0,9,3,3,13,96,7,2,3,0,1,9,0,1,0,8189,41,12,2,3,7,3,1,3
845,845,1845,0,8,3,3,15,76,9,0,1,0,4,10,0,0,1,7587,36,10,1,2,7,2,0,1
848,848,1848,0,2,2,3,20,81,5,1,2,7,4,8,1,1,2,4779,28,8,2,1,7,3,0,1
849,849,1849,0,29,4,3,15,88,7,2,2,15,4,27,0,1,2,17046,50,28,2,2,10,2,1,0
850,850,1850,0,11,3,3,17,30,9,2,1,0,3,10,0,1,2,7510,43,10,1,2,9,3,1,1
851,851,1851,0,1,2,2,22,57,2,3,2,0,2,4,0,1,2,7457,40,6,2,3,3,1,3,2
852,852,1852,0,3,5,4,12,35,1,3,4,0,4,2,0,1,2,19513,44,26,2,1,2,3,1,4
853,853,1853,1,1,1,4,14,36,2,3,1,2,4,2,0,1,2,4787,29,4,3,2,2,3,3,9
854,854,1854,0,10,3,4,20,40,8,2,3,4,3,11,1,0,2,11031,31,13,2,3,7,3,1,4
855,855,1855,0,24,2,2,20,30,4,3,4,1,1,5,1,2,1,5238,31,9,3,4,4,3,0,2
856,856,1856,0,10,2,3,11,100,9,3,1,1,2,10,1,1,2,5343,38,10,1,3,7,3,1,1
857,857,1857,0,6,2,3,12,79,9,3,2,1,3,13,1,0,0,5329,38,17,3,4,11,1,3,7
858,858,1858,0,1,2,3,14,32,8,0,3,2,4,15,0,1,1,4312,35,16,2,2,13,2,0,0
860,860,1860,0,1,4,2,19,54,7,3,4,12,3,20,1,1,1,17328,54,29,3,4,7,3,0,6
861,861,1861,0,3,2,3,12,66,9,1,4,7,3,11,1,1,0,5433,34,11,2,3,8,3,1,1
862,862,1862,1,23,3,1,13,45,10,0,4,3,1,11,1,1,2,7336,29,11,3,1,8,2,1,1
863,863,1863,0,2,1,3,21,79,9,2,3,3,4,11,0,1,1,2519,36,16,6,3,8,3,0,4
864,864,1864,0,16,2,3,14,96,7,2,3,7,4,8,1,1,0,6439,48,18,2,3,7,3,1,8
865,865,1865,0,9,2,3,25,87,9,0,1,7,2,10,0,1,2,5151,39,10,3,4,0,3,1,1
866,866,1866,0,1,1,3,13,83,3,3,2,1,2,6,0,1,2,3622,34,6,3,4,5,2,1,1
867,867,1867,0,1,3,3,16,49,7,0,2,0,3,10,0,1,2,8392,41,10,2,3,7,4,1,1
868,868,1868,0,4,5,3,14,46,9,2,4,9,1,20,1,1,2,19033,40,21,2,2,8,3,1,1
869,869,1869,0,5,1,3,18,30,0,2,4,0,3,4,1,1,1,2966,26,5,2,4,2,2,0,0
871,871,1871,0,2,4,3,16,64,3,2,3,0,3,4,0,1,2,17639,50,30,3,4,3,3,0,5
872,872,1872,0,8,4,4,11,93,0,1,1,1,5,3,1,1,1,16422,31,9,3,3,2,3,0,3
873,873,1873,0,1,1,3,18,30,4,2,2,0,3,6,0,1,1,2859,35,6,3,1,4,2,0,1
874,874,1874,0,11,2,2,18,96,3,2,1,1,2,4,1,0,0,4011,24,5,5,4,2,4,1,0
875,875,1875,0,10,2,3,14,57,1,3,3,1,4,4,0,1,1,4950,25,5,4,2,3,3,0,0
876,876,1876,0,2,2,4,19,61,7,1,4,3,3,8,0,1,2,4805,45,9,3,2,7,3,1,0
877,877,1877,0,27,2,2,12,66,1,2,2,1,3,8,1,1,2,4335,29,11,3,1,7,3,1,4
878,878,1878,0,7,5,3,22,55,10,2,2,5,1,21,1,0,0,19973,41,21,3,2,16,1,2,1
879,879,1879,0,2,2,3,22,60,4,3,4,1,3,6,0,1,1,6274,34,6,5,3,5,3,0,1
880,880,1880,0,4,1,4,13,47,2,3,4,2,4,2,0,2,2,2376,35,2,2,2,2,2,1,1
881,881,1881,1,2,1,4,14,90,0,3,3,0,3,1,1,2,1,2785,31,3,3,3,0,2,0,7
882,882,1882,0,2,1,1,18,32,2,3,3,2,4,2,0,1,0,2695,31,3,2,2,2,3,1,0
883,883,1883,0,15,5,3,11,52,3,1,4,0,2,4,0,1,2,19081,46,25,2,1,2,3,1,5
884,884,1884,0,29,4,2,12,56,0,3,1,0,3,1,0,1,0,14118,57,32,3,3,0,2,1,3
886,886,1886,0,28,1,3,11,74,8,2,4,3,1,20,0,1,2,3221,50,20,3,3,8,4,3,1
887,887,1887,0,2,4,2,12,75,7,1,3,7,3,7,1,1,2,16872,46,28,2,2,7,1,1,3
888,888,1888,0,1,2,4,20,34,10,0,4,8,1,14,1,1,1,8381,53,18,2,4,7,3,0,7
889,889,1889,0,17,1,3,13,74,0,2,4,0,3,0,0,0,1,2290,44,6,3,4,0,1,0,2
890,890,1890,1,29,2,3,18,79,2,0,2,2,2,2,0,0,1,4969,26,7,6,4,2,1,0,8
891,891,1891,0,16,1,3,16,100,3,3,3,1,4,5,1,2,1,2553,34,6,3,3,2,2,0,1
892,892,1892,1,27,2,3,12,77,3,2,2,1,2,5,1,2,1,6397,47,8,2,4,4,4,0,4
893,893,1893,0,4,2,2,16,37,8,3,1,1,4,10,0,1,1,5810,36,10,2,3,4,2,0,1
895,895,1895,0,7,2,3,20,46,5,3,4,0,4,7,1,1,1,4028,38,8,2,1,7,2,0,0
896,896,1896,0,7,2,3,14,73,2,0,4,0,4,3,1,1,0,4779,30,8,3,2,2,3,2,7
897,897,1897,0,2,2,2,11,75,0,2,4,1,3,3,0,1,2,9602,37,17,3,3,0,3,1,4
898,898,1898,0,9,2,3,18,72,7,2,3,1,2,8,1,0,1,4695,30,10,3,3,4,3,0,7
899,899,1899,0,1,2,2,12,65,3,1,2,4,4,6,1,1,2,6447,37,8,2,2,5,3,1,6
900,900,1900,0,9,2,3,13,72,7,2,4,4,5,8,0,2,0,5679,43,10,3,2,7,3,1,3
901,901,1901,1,10,1,3,13,38,3,3,1,1,1,4,0,1,0,3408,33,8,2,1,3,1,3,7
902,902,1902,0,5,2,3,12,67,5,1,4,2,2,7,1,1,2,5878,32,12,2,1,1,2,1,3
904,904,1904,0,2,2,4,11,61,0,0,4,0,4,1,1,0,0,5093,35,16,2,1,0,3,1,2
905,905,1905,0,1,2,4,22,59,7,3,1,0,4,8,1,1,1,8686,38,12,2,3,3,2,0,4
906,906,1906,0,9,1,4,14,37,2,0,2,0,1,4,0,1,2,2500,23,5,2,4,3,3,1,1
907,907,1907,1,4,1,4,12,34,7,2,1,2,4,10,0,1,2,2461,51,18,2,3,0,3,3,9
908,908,1908,0,2,1,4,20,98,4,3,2,0,4,5,0,1,2,2662,55,19,2,2,2,2,1,8
909,909,1909,0,2,1,2,21,70,2,3,3,1,4,3,0,1,1,2644,36,7,3,4,2,3,0,3
911,911,1911,0,16,1,3,13,84,3,1,1,0,3,5,0,1,2,2426,35,6,5,3,4,4,1,0
912,912,1912,0,9,1,3,18,64,0,3,1,0,3,1,0,1,2,2380,50,8,5,2,0,3,0,4
914,914,1914,0,2,3,3,11,52,2,1,2,3,3,4,0,2,2,10596,51,14,5,2,2,3,0,2
915,915,1915,1,2,4,3,11,84,5,3,1,11,3,18,0,2,0,12169,39,21,4,4,7,3,3,7
916,916,1916,0,10,1,3,16,45,2,2,4,2,3,2,0,1,2,2073,23,4,2,4,2,4,1,2
917,917,1917,0,2,5,2,12,83,1,0,2,2,4,2,1,1,1,18947,46,22,2,4,2,3,0,3
918,918,1918,0,3,2,3,18,81,12,0,4,3,3,13,0,1,1,4759,34,15,2,4,9,1,0,3
919,919,1919,0,11,5,3,15,53,4,1,3,4,3,5,1,1,1,19926,50,21,5,2,4,3,0,3
920,920,1920,0,29,3,4,18,55,2,3,2,1,3,3,0,1,2,9380,45,10,4,4,1,3,2,4
921,921,1921,0,19,1,3,24,80,2,3,3,2,1,2,0,1,2,2323,22,2,6,1,2,3,2,1
922,922,1922,0,10,2,2,14,43,9,2,2,0,4,10,0,1,1,5487,33,10,2,2,4,3,0,1
923,923,1923,0,28,4,3,11,43,2,0,4,1,3,3,1,1,2,16880,50,25,2,2,2,3,0,4
924,924,1924,1,8,2,2,17,38,2,0,4,1,3,4,0,1,1,5326,26,6,2,3,3,2,0,6
925,925,1925,0,2,2,2,21,94,8,3,2,0,1,10,0,2,1,3886,36,10,2,4,1,2,0,1
926,926,1926,0,9,1,3,12,75,1,3,3,2,2,2,1,1,1,2288,38,2,3,3,2,3,0,1
927,927,1927,0,7,5,2,14,88,8,1,2,12,4,21,0,1,1,19833,40,21,3,2,8,3,0,1
928,928,1928,0,16,4,3,22,80,9,3,4,1,3,17,1,1,2,16064,43,22,3,3,13,3,1,5
929,929,1929,0,11,1,3,19,48,2,3,4,0,4,6,0,1,2,2356,31,8,2,2,4,3,1,3
930,930,1930,0,1,1,4,11,82,3,3,3,0,3,5,0,1,2,2044,28,5,6,3,3,3,1,1
931,931,1931,0,5,2,3,18,84,3,0,4,1,3,5,0,1,1,8463,28,6,4,4,4,3,0,0
932,932,1932,0,21,1,2,12,65,7,0,2,1,3,8,0,1,2,3564,37,8,3,1,7,4,1,1
933,933,1933,0,2,5,3,12,60,0,0,3,0,3,1,0,1,2,19038,55,34,2,2,0,2,3,8
934,934,1934,1,2,1,4,23,54,0,0,1,0,3,1,1,0,1,3646,39,11,2,2,0,2,0,2
936,936,1936,0,1,2,2,24,93,8,2,2,2,2,12,0,1,2,4900,57,13,2,1,9,4,1,0
937,937,1937,0,1,1,2,17,86,2,1,4,0,3,5,1,1,2,3294,34,7,2,1,4,2,1,5
938,938,1938,0,3,4,2,12,49,13,2,4,11,3,22,1,2,0,13770,47,28,2,4,2,3,2,9
939,939,1939,0,26,3,3,16,31,7,3,3,1,4,9,1,1,1,8837,35,9,2,3,0,3,0,1
940,940,1940,0,7,1,1,13,35,0,3,1,0,4,1,0,1,1,2972,34,1,4,3,0,3,0,1
941,941,1941,0,10,5,2,15,73,6,3,2,12,4,21,0,1,0,19141,41,23,2,2,6,2,3,3
942,942,1942,0,4,1,3,17,41,8,3,1,5,4,9,0,2,0,2793,37,13,2,3,8,3,1,4
943,943,1943,0,12,2,3,11,83,4,2,2,4,3,5,1,1,1,6577,30,6,6,2,4,3,0,0
944,944,1944,0,9,4,2,11,81,1,3,3,1,3,10,0,1,2,11103,56,30,1,3,7,3,0,7
945,945,1945,0,26,4,3,12,30,4,3,4,4,3,5,1,0,1,17328,54,23,3,3,3,4,0,2
946,946,1946,0,2,3,3,12,38,12,1,3,6,3,15,1,2,2,7525,53,30,2,1,7,2,1,2
947,947,1947,0,11,3,3,13,79,3,0,3,2,2,4,0,0,2,9884,35,10,3,3,0,2,1,2
949,949,1949,0,2,1,3,13,100,8,1,1,3,3,11,0,0,0,2592,38,13,3,4,10,3,3,5
950,950,1950,0,10,1,3,18,79,2,2,1,0,1,2,0,1,1,3505,23,2,3,4,2,4,0,1
951,951,1951,0,7,2,1,12,31,12,0,2,3,2,13,1,1,2,4306,31,13,5,2,10,3,1,1
952,952,1952,0,17,3,3,11,56,8,2,3,0,3,10,1,1,2,10739,54,22,2,3,7,3,1,8
954,954,1954,0,12,1,3,11,46,0,3,2,0,4,1,0,1,2,4766,41,6,4,1,0,3,1,3
955,955,1955,1,2,5,3,13,78,4,0,4,1,3,5,0,1,2,19859,55,24,2,4,2,3,1,5
956,956,1956,0,18,3,3,11,60,2,3,3,2,2,2,0,2,1,9362,35,10,2,3,2,3,0,2
957,957,1957,0,20,2,2,14,96,11,0,3,5,4,15,1,1,2,6567,49,16,2,3,11,3,0,1
958,958,1958,0,10,1,2,22,38,3,2,3,3,4,6,0,0,2,2936,42,10,1,2,3,3,2,3
959,959,1959,1,5,1,3,17,60,2,1,2,1,3,3,1,2,1,2422,30,4,3,1,2,3,0,0
960,960,1960,1,9,1,3,13,52,2,1,2,2,3,2,1,1,1,2760,29,2,3,3,2,1,0,1
961,961,1961,0,9,1,2,23,94,4,3,4,0,3,5,0,1,2,2070,28,5,3,4,2,3,1,1
962,962,1962,0,29,3,3,12,33,3,1,3,1,4,4,0,1,2,9250,30,9,3,2,2,3,1,3
963,963,1963,0,8,5,2,13,66,9,3,2,14,3,24,0,2,0,18430,42,24,4,2,7,3,1,1
964,964,1964,0,20,4,3,15,41,13,2,2,12,5,30,0,2,2,11245,50,32,3,3,8,3,1,2
965,965,1965,0,2,1,3,11,45,2,3,4,1,3,3,0,1,1,3944,38,6,3,3,2,3,0,5
966,966,1966,0,10,1,3,13,46,7,2,4,1,4,7,1,1,2,2213,40,10,3,3,7,4,1,3
967,967,1967,0,28,2,3,12,79,7,2,2,5,4,15,0,1,2,5207,33,15,3,2,14,3,1,1
968,968,1968,0,4,4,3,25,89,2,3,3,2,5,2,0,2,2,15202,48,23,3,2,2,2,1,2
969,969,1969,0,27,2,2,13,94,7,2,3,7,3,7,0,1,2,5237,36,17,3,2,7,3,2,6
970,970,1970,0,1,3,2,21,32,1,3,1,2,3,14,0,1,1,9888,34,14,3,1,8,3,0,1
971,971,1971,0,10,2,3,14,87,7,2,4,0,3,15,0,0,0,4001,34,15,3,3,14,3,1,1
972,972,1972,0,21,1,1,11,42,2,3,3,0,3,5,0,1,2,2713,28,5,2,3,2,3,1,1
973,973,1973,0,8,2,3,11,48,2,1,3,4,4,9,0,1,2,6825,42,10,2,4,7,3,1,0
974,974,1974,0,4,1,3,21,47,1,1,3,1,4,3,1,1,2,2622,33,7,3,4,2,2,0,6
975,975,1975,0,1,2,2,11,57,3,2,1,1,1,4,1,2,1,5473,59,20,2,4,3,2,0,7
976,976,1976,0,2,4,4,15,40,2,0,3,6,1,9,0,0,1,16756,55,31,3,2,7,2,0,7
977,977,1977,0,1,5,3,11,70,7,3,3,1,3,24,0,1,2,19202,45,25,2,3,0,4,1,0
979,979,1979,0,25,3,3,16,78,8,1,4,4,3,13,0,1,2,10903,35,16,2,1,10,2,0,3
980,980,1980,0,7,3,3,13,75,7,2,4,0,2,8,0,1,0,10845,46,13,3,2,7,3,1,6
981,981,1981,0,23,2,3,15,42,8,0,4,0,2,9,0,0,2,3633,45,9,2,3,8,3,1,1
982,982,1982,0,7,2,3,16,78,0,1,2,0,4,1,1,1,2,2372,42,18,2,4,0,4,0,6
984,984,1984,0,7,3,3,14,42,17,3,1,5,4,22,1,1,2,10248,44,24,4,4,6,2,1,3
985,985,1985,0,2,2,4,22,67,7,2,3,5,4,8,1,0,2,5154,45,10,3,2,7,3,2,4
986,986,1986,0,4,2,4,12,87,3,0,3,0,1,5,0,1,2,4256,25,5,1,1,2,2,0,1
987,987,1987,1,1,1,1,13,100,7,0,1,0,4,9,0,1,1,2362,29,11,2,3,7,2,0,6
988,988,1988,1,3,1,3,11,88,4,0,4,0,3,5,1,1,1,2657,30,8,5,3,2,3,0,5
989,989,1989,0,26,2,1,13,92,0,3,3,0,2,1,1,2,2,4422,40,16,3,4,1,2,1,3
990,990,1990,0,24,4,2,11,60,6,3,2,9,1,20,1,1,2,12031,39,21,2,1,9,2,1,0
991,991,1991,0,3,1,2,20,81,0,0,3,0,3,1,1,1,2,2670,59,12,3,1,0,4,3,4
992,992,1992,0,10,3,3,12,99,11,2,2,1,3,18,1,1,2,13206,38,20,3,1,16,1,1,3
993,993,1993,0,10,1,2,20,45,2,3,2,1,3,3,0,1,0,3917,35,3,4,1,2,3,1,1
994,994,1994,0,10,2,3,13,40,9,1,3,11,2,19,0,0,1,6151,41,19,4,1,2,1,0,1
995,995,1995,1,27,3,2,22,35,9,3,2,1,3,10,1,1,2,7639,29,10,3,4,4,3,3,1
996,996,1996,0,16,3,1,19,91,3,1,4,3,3,11,1,1,1,8606,35,11,3,4,8,2,0,1
997,997,1997,0,7,2,2,11,100,7,3,2,7,3,8,0,1,2,6929,31,10,3,2,7,4,1,4
998,998,1998,0,1,4,2,15,70,8,3,4,7,2,9,0,1,2,17099,52,26,2,2,8,3,1,2
999,999,1999,0,1,3,3,18,80,2,3,1,0,4,5,1,0,0,13603,37,15,2,1,2,3,2,2
1000,1000,2000,0,2,2,3,14,88,0,2,4,0,4,1,0,1,2,6553,38,14,3,2,0,3,0,9
1001,1001,2001,1,17,1,3,13,51,7,2,4,7,4,8,1,1,1,2394,27,8,2,4,2,3,0,1
1002,1002,2002,0,11,3,3,14,47,7,3,2,0,3,10,0,2,0,12185,37,10,1,3,8,3,3,1
1003,1003,2003,0,9,5,2,13,87,3,3,4,1,3,6,0,0,1,19431,39,21,3,3,0,3,0,2
1004,1004,2004,0,25,2,3,15,72,7,2,2,10,5,13,1,0,2,4449,37,15,2,1,11,3,2,3
1005,1005,2005,0,2,1,2,14,75,5,1,3,0,2,6,1,2,2,2468,38,9,4,2,1,2,1,4
1006,1006,2006,0,28,1,3,23,98,2,2,2,4,4,5,1,1,2,2430,35,6,5,1,3,2,2,0
1007,1007,2007,0,10,2,4,13,41,3,3,4,1,4,4,0,1,2,6465,44,9,5,4,2,3,0,2
1008,1008,2008,0,4,5,2,14,92,13,0,3,14,2,25,0,1,0,19190,44,26,4,4,9,4,2,1
1009,1009,2009,0,4,2,4,14,47,9,2,4,5,4,15,1,1,2,5902,39,17,1,3,11,2,1,4
1010,1010,2010,0,20,3,3,18,95,7,0,2,0,3,7,0,1,0,10851,45,24,2,2,7,1,1,2
1011,1011,2011,0,4,2,4,13,45,5,0,2,1,4,6,0,1,1,5155,42,9,3,4,4,3,0,7
1012,1012,2012,0,20,2,3,18,83,2,3,3,2,3,2,0,2,0,4127,39,7,6,4,1,3,1,2
1013,1013,2013,1,23,1,3,13,93,3,0,3,0,3,5,0,1,1,3904,39,6,2,1,2,3,0,0
1014,1014,2014,1,2,1,3,14,57,2,0,1,1,3,3,0,2,2,2042,26,6,2,2,2,3,1,6
1015,1015,2015,0,1,2,3,22,48,8,0,1,0,3,9,0,1,0,4037,33,9,5,1,8,4,1,1
1016,1016,2016,0,5,1,2,12,80,5,1,1,0,2,6,0,1,0,3298,32,7,5,4,2,4,2,0
1017,1017,2017,1,1,1,4,15,92,2,2,1,1,3,3,0,2,2,2909,28,5,3,4,2,3,1,3
1018,1018,2018,0,1,2,3,13,32,2,2,4,1,4,5,0,0,0,5660,58,12,2,4,3,1,1,2
1019,1019,2019,1,1,3,3,13,98,0,2,1,0,2,1,0,1,1,5381,48,23,2,4,0,2,0,9
1021,1021,2021,0,8,4,3,17,56,3,1,4,2,4,9,0,1,2,13120,49,22,3,2,8,2,1,6
1022,1022,2022,0,25,3,2,11,57,1,2,3,10,4,16,1,1,0,10388,35,16,3,3,10,3,1,1
1024,1024,2024,0,23,1,1,22,90,2,3,1,0,3,3,1,1,0,2886,26,3,3,2,2,3,2,1
1025,1025,2025,1,10,1,3,11,32,1,2,4,1,1,1,0,1,1,1009,20,1,5,4,0,3,0,1
1029,1029,2029,0,26,5,3,21,60,13,3,3,2,5,36,0,1,2,19586,55,36,3,3,6,2,1,1
1030,1030,2030,0,9,1,3,19,98,2,1,2,1,3,2,0,1,2,2899,38,3,3,4,2,2,1,0
1031,1031,2031,0,1,1,3,13,71,0,0,4,0,1,1,0,1,1,2956,32,1,2,4,0,3,0,1
1032,1032,2032,1,23,2,3,13,50,1,2,2,0,2,1,0,1,2,5916,35,8,1,1,0,2,0,3
1033,1033,2033,0,24,1,3,16,36,4,1,2,0,4,6,0,1,1,2177,45,6,3,1,3,3,0,1
1034,1034,2034,1,15,3,4,12,56,7,2,2,7,1,7,0,1,2,13610,33,15,2,4,6,3,0,7
1035,1035,2035,0,4,1,3,11,76,3,2,1,0,2,5,0,1,0,2517,27,5,2,2,3,3,3,1
1036,1036,2036,0,10,1,3,14,83,2,1,4,2,3,2,0,1,0,2297,29,2,2,4,2,3,2,1
1037,1037,2037,0,1,1,2,13,79,2,0,2,1,3,3,0,2,2,2194,35,5,2,4,2,3,1,4
1038,1038,2038,0,17,1,2,16,51,1,1,3,1,3,5,0,1,2,3058,27,6,3,4,2,3,1,0
1039,1039,2039,0,14,2,4,18,64,7,1,3,1,4,8,0,0,2,5467,47,16,4,3,7,3,1,8
1040,1040,2040,0,19,2,2,17,85,2,2,3,0,3,4,0,1,2,5768,37,9,2,1,3,3,3,3
1042,1042,2042,0,2,1,3,13,97,2,3,4,2,3,2,1,1,2,2014,35,2,3,1,2,3,0,1
1043,1043,2043,0,3,1,3,18,87,5,0,2,1,1,10,0,1,1,4723,29,10,3,4,9,3,0,1
1044,1044,2044,0,7,3,3,14,35,7,1,3,0,4,8,0,1,0,10466,49,29,3,2,7,3,2,3
1046,1046,2046,0,3,1,4,17,100,0,2,4,1,2,3,0,1,1,3230,21,3,4,1,2,2,0,1
1047,1047,2047,0,1,2,2,14,56,11,3,2,4,2,18,0,1,2,6201,36,18,1,4,14,3,1,1
1048,1048,2048,0,9,3,3,13,69,7,1,1,7,4,9,0,0,0,8834,37,9,6,4,5,3,1,1
1049,1049,2049,0,10,3,3,14,82,8,2,4,0,5,9,0,1,0,8380,33,10,3,4,8,4,2,0
1050,1050,2050,0,24,2,3,15,80,7,3,1,4,4,10,0,2,2,5309,32,10,2,4,8,3,2,1
1051,1051,2051,0,19,2,4,15,99,7,3,3,3,2,7,0,1,2,2741,40,15,2,3,2,3,1,8
1052,1052,2052,0,8,1,3,13,63,4,3,2,0,2,5,0,1,0,4936,28,6,6,4,1,2,1,1
1053,1053,2053,0,8,3,2,11,78,12,3,3,4,2,13,1,0,2,10377,35,16,6,2,2,2,1,4
1054,1054,2054,0,7,2,2,14,91,8,2,4,4,3,13,0,1,2,5484,32,13,3,3,8,2,1,1
1055,1055,2055,0,2,1,3,13,72,7,3,1,7,1,10,1,1,2,2011,44,10,5,4,5,4,1,1
1056,1056,2056,0,12,2,1,11,41,5,3,4,8,3,9,1,1,2,5855,31,10,2,3,7,3,2,0
1057,1057,2057,0,2,2,3,11,42,4,3,4,0,3,5,1,1,2,5204,39,13,2,3,4,2,2,8
1058,1058,2058,0,2,4,3,23,69,9,0,3,15,3,26,1,1,2,17048,46,28,2,1,15,3,0,8
1059,1059,2059,0,9,3,2,17,88,13,2,2,2,4,18,1,2,1,13499,40,20,3,3,7,3,0,9
1060,1060,2060,0,7,3,4,13,30,2,2,1,0,4,5,0,1,1,13664,37,16,3,1,2,3,0,4
1061,1061,2061,0,1,2,2,12,79,0,2,1,0,5,1,1,2,2,4768,44,11,4,3,0,3,1,7
1062,1062,2062,0,1,2,3,13,41,9,2,4,0,1,10,0,0,2,4319,29,10,1,1,7,3,1,1
1063,1063,2063,0,25,2,3,13,44,2,1,4,0,3,5,0,1,1,4320,33,5,2,4,3,2,0,1
1064,1064,2064,0,14,2,3,15,84,2,0,4,1,2,5,1,1,2,4639,40,5,2,3,4,3,1,1
1065,1065,2065,1,9,1,3,14,54,2,3,4,0,3,2,1,2,1,2323,20,2,3,2,2,3,0,1
1067,1067,2067,0,5,3,3,16,42,8,3,3,0,1,9,0,1,0,12808,27,9,3,2,8,2,1,1
1068,1068,2068,0,10,3,2,21,32,7,0,4,1,2,9,0,2,0,8793,27,9,4,3,7,3,2,1
1069,1069,2069,0,3,2,2,14,62,2,2,2,1,2,6,1,1,2,5561,29,6,5,1,0,3,1,1
1070,1070,2070,0,2,1,2,20,86,3,3,4,2,1,4,1,1,1,2342,40,5,2,4,2,2,0,0
1071,1071,2071,0,15,4,3,14,87,2,2,1,2,4,2,0,2,2,15787,58,23,3,2,2,3,0,2
1072,1072,2072,1,1,2,3,15,34,0,1,1,0,2,0,0,1,1,6735,32,10,2,2,0,1,0,6
1073,1073,2073,0,28,4,3,18,53,11,3,4,11,3,12,1,1,2,13320,44,23,2,3,11,4,1,3
1074,1074,2074,0,8,1,2,19,88,2,3,2,2,1,2,1,0,1,2342,33,3,2,4,2,2,0,0
1075,1075,2075,0,16,2,3,16,58,7,2,3,1,3,7,0,1,2,5294,30,10,3,3,0,4,1,3
1077,1077,2077,0,24,1,3,14,49,4,2,1,1,3,5,0,0,1,3708,44,9,5,3,2,1,0,2
1078,1078,2078,0,9,2,4,12,47,1,0,1,7,2,8,0,1,2,5473,40,9,5,4,4,3,0,0
1079,1079,2079,0,2,2,3,13,98,8,3,3,8,3,9,0,1,1,4661,40,9,4,3,8,3,0,1
1080,1080,2080,1,10,1,3,20,92,0,0,4,0,3,0,1,1,1,2404,29,3,5,3,0,2,0,6
1081,1081,2081,0,25,3,3,17,81,1,1,1,0,2,10,1,1,2,12061,38,19,2,3,8,2,1,3
1083,1083,2083,0,19,1,2,11,67,2,3,4,1,1,3,0,1,2,3669,25,7,6,3,2,3,3,3
1084,1084,2084,0,6,1,3,11,40,4,2,4,0,2,5,1,1,2,3702,38,5,3,2,4,2,1,1
1085,1085,2085,0,4,3,3,14,78,8,2,3,4,4,15,0,1,1,10999,48,27,3,2,11,2,0,7
1086,1086,2086,0,15,2,3,18,47,2,3,4,2,3,2,0,2,2,6804,43,7,5,3,2,2,1,3
1087,1087,2087,0,7,1,2,12,48,1,1,2,1,3,6,0,1,2,2141,30,6,3,2,4,2,1,1
1088,1088,2088,0,8,1,2,16,72,2,3,1,0,4,3,1,1,2,2572,35,3,1,2,2,3,1,1
1089,1089,2089,0,5,4,3,11,84,10,1,3,0,3,33,0,1,0,14026,51,33,2,2,9,3,1,1
1090,1090,2090,0,6,2,3,13,82,8,3,2,11,4,17,0,1,1,6646,35,17,3,2,11,1,0,1
1092,1092,2092,0,4,2,3,15,72,2,2,3,1,4,3,1,0,2,6538,34,6,3,1,2,3,1,9
1093,1093,2093,0,5,2,3,22,80,2,1,2,0,2,4,0,1,0,5021,46,16,2,4,2,3,1,8
1094,1094,2094,0,2,2,3,11,74,4,2,4,0,3,5,0,1,1,4478,27,5,3,1,4,3,0,1
1095,1095,2095,0,2,2,3,13,65,4,3,1,0,2,5,1,1,0,5070,47,20,2,3,0,3,3,5
1096,1096,2096,0,11,2,4,11,56,8,1,3,1,3,10,0,2,2,4490,34,14,5,4,9,2,2,4
1097,1097,2097,0,3,1,4,13,48,3,0,3,2,2,4,0,0,0,3065,31,4,3,4,2,3,1,1
1098,1098,2098,0,3,2,3,12,42,0,3,2,0,4,1,0,1,1,6861,38,19,1,3,0,3,0,8
1099,1099,2099,0,2,3,3,18,65,2,1,4,1,1,3,0,2,2,10976,55,23,4,2,2,3,1,3
1100,1100,2100,0,25,3,2,11,99,9,0,1,7,3,21,1,1,1,7637,59,28,3,4,16,3,0,7
